,Team,Name,Rating,Score,Home_Away,Opponent,Week,Score_1_weeks_ago,Score_2_weeks_ago,Score_3_weeks_ago,Score_4_weeks_ago,Score_5_weeks_ago,Score_6_weeks_ago,Score_7_weeks_ago,Score_8_weeks_ago,Score_9_weeks_ago,Score_10_weeks_ago,Score_11_weeks_ago,Score_12_weeks_ago,Score_13_weeks_ago,Score_14_weeks_ago,Score_15_weeks_ago,Score_16_weeks_ago,Score_17_weeks_ago
0,Packers,Aaron Rodgers,89,30.8,Away,84,1,,,,,,,,,,,,,,,,,
1,Packers,Aaron Rodgers,89,18.2,Home,74,2,30.8,,,,,,,,,,,,,,,,
2,Packers,Aaron Rodgers,89,24.5,Away,83,3,18.2,30.8,,,,,,,,,,,,,,,
3,Packers,Aaron Rodgers,89,29.6,Home,65,4,24.5,18.2,30.8,,,,,,,,,,,,,,
4,Packers,Aaron Rodgers,89,-,Bye,Bye,5,29.6,24.5,18.2,30.8,,,,,,,,,,,,,
5,Packers,Aaron Rodgers,89,5.8,Away,90,6,-,29.6,24.5,18.2,30.8,,,,,,,,,,,,
6,Packers,Aaron Rodgers,89,27.3,Away,60,7,5.8,-,29.6,24.5,18.2,30.8,,,,,,,,,,,
7,Packers,Aaron Rodgers,89,22.5,Home,84,8,27.3,5.8,-,29.6,24.5,18.2,30.8,,,,,,,,,,
8,Packers,Aaron Rodgers,89,28.9,Away,83,9,22.5,27.3,5.8,-,29.6,24.5,18.2,30.8,,,,,,,,,
9,Packers,Aaron Rodgers,89,26.4,Home,70,10,28.9,22.5,27.3,5.8,-,29.6,24.5,18.2,30.8,,,,,,,,
10,Packers,Aaron Rodgers,89,22.7,Away,77,11,26.4,28.9,22.5,27.3,5.8,-,29.6,24.5,18.2,30.8,,,,,,,
11,Packers,Aaron Rodgers,89,25.6,Home,82,12,22.7,26.4,28.9,22.5,27.3,5.8,-,29.6,24.5,18.2,30.8,,,,,,
12,Packers,Aaron Rodgers,89,23.5,Home,72,13,25.6,22.7,26.4,28.9,22.5,27.3,5.8,-,29.6,24.5,18.2,30.8,,,,,
13,Packers,Aaron Rodgers,89,30.9,Away,74,14,23.5,25.6,22.7,26.4,28.9,22.5,27.3,5.8,-,29.6,24.5,18.2,30.8,,,,
14,Packers,Aaron Rodgers,89,18.3,Home,80,15,30.9,23.5,25.6,22.7,26.4,28.9,22.5,27.3,5.8,-,29.6,24.5,18.2,30.8,,,
15,Packers,Aaron Rodgers,89,26.1,Home,68,16,18.3,30.9,23.5,25.6,22.7,26.4,28.9,22.5,27.3,5.8,-,29.6,24.5,18.2,30.8,,
16,Packers,Aaron Rodgers,89,26,Away,82,17,26.1,18.3,30.9,23.5,25.6,22.7,26.4,28.9,22.5,27.3,5.8,-,29.6,24.5,18.2,30.8,
17,Redskins,Alex Smith,68,-,Home,72,1,,,,,,,,,,,,,,,,,
18,Redskins,Alex Smith,68,-,Away,73,2,-,,,,,,,,,,,,,,,,
19,Redskins,Alex Smith,68,-,Away,86,3,-,-,,,,,,,,,,,,,,,
20,Redskins,Alex Smith,68,-,Home,88,4,-,-,-,,,,,,,,,,,,,,
21,Redskins,Alex Smith,68,1.6,Home,90,5,-,-,-,-,,,,,,,,,,,,,
22,Redskins,Alex Smith,68,-,Away,79,6,1.6,-,-,-,-,,,,,,,,,,,,
23,Redskins,Alex Smith,68,-,Home,67,7,-,1.6,-,-,-,-,,,,,,,,,,,
24,Redskins,Alex Smith,68,-,Bye,Bye,8,-,-,1.6,-,-,-,-,,,,,,,,,,
25,Redskins,Alex Smith,68,14,Home,79,9,-,-,-,1.6,-,-,-,-,,,,,,,,,
26,Redskins,Alex Smith,68,16,Away,74,10,14,-,-,-,1.6,-,-,-,-,,,,,,,,
27,Redskins,Alex Smith,68,9.3,Home,63,11,16,14,-,-,-,1.6,-,-,-,-,,,,,,,
28,Redskins,Alex Smith,68,9.1,Away,67,12,9.3,16,14,-,-,-,1.6,-,-,-,-,,,,,,
29,Redskins,Alex Smith,68,15.8,Away,86,13,9.1,9.3,16,14,-,-,-,1.6,-,-,-,-,,,,,
30,Redskins,Alex Smith,68,1.3,Away,83,14,15.8,9.1,9.3,16,14,-,-,-,1.6,-,-,-,-,,,,
31,Redskins,Alex Smith,68,-,Home,70,15,1.3,15.8,9.1,9.3,16,14,-,-,-,1.6,-,-,-,-,,,
32,Redskins,Alex Smith,68,-,Home,80,16,-,1.3,15.8,9.1,9.3,16,14,-,-,-,1.6,-,-,-,-,,
33,Redskins,Alex Smith,68,12.5,Away,72,17,-,-,1.3,15.8,9.1,9.3,16,14,-,-,-,1.6,-,-,-,-,
34,Cowboys,Andy Dalton,72,-,Away,90,1,,,,,,,,,,,,,,,,,
35,Cowboys,Andy Dalton,72,0,Home,65,2,-,,,,,,,,,,,,,,,,
36,Cowboys,Andy Dalton,72,-,Away,70,3,0,-,,,,,,,,,,,,,,,
37,Cowboys,Andy Dalton,72,-,Home,86,4,-,0,-,,,,,,,,,,,,,,
38,Cowboys,Andy Dalton,72,2.4,Home,79,5,-,-,0,-,,,,,,,,,,,,,
39,Cowboys,Andy Dalton,72,13,Home,73,6,2.4,-,-,0,-,,,,,,,,,,,,
40,Cowboys,Andy Dalton,72,3.6,Away,93,7,13,2.4,-,-,0,-,,,,,,,,,,,
41,Cowboys,Andy Dalton,72,-,Away,72,8,3.6,13,2.4,-,-,0,-,,,,,,,,,,
42,Cowboys,Andy Dalton,72,-,Home,86,9,-,3.6,13,2.4,-,-,0,-,,,,,,,,,
43,Cowboys,Andy Dalton,72,-,Bye,Bye,10,-,-,3.6,13,2.4,-,-,0,-,,,,,,,,
44,Cowboys,Andy Dalton,72,19.3,Away,84,11,-,-,-,3.6,13,2.4,-,-,0,-,,,,,,,
45,Cowboys,Andy Dalton,72,13.3,Home,93,12,19.3,-,-,-,3.6,13,2.4,-,-,0,-,,,,,,
46,Cowboys,Andy Dalton,72,18.6,Away,88,13,13.3,19.3,-,-,-,3.6,13,2.4,-,-,0,-,,,,,
47,Cowboys,Andy Dalton,72,15.3,Away,63,14,18.6,13.3,19.3,-,-,-,3.6,13,2.4,-,-,0,-,,,,
48,Cowboys,Andy Dalton,72,17.2,Home,83,15,15.3,18.6,13.3,19.3,-,-,-,3.6,13,2.4,-,-,0,-,,,
49,Cowboys,Andy Dalton,72,27.6,Home,72,16,17.2,15.3,18.6,13.3,19.3,-,-,-,3.6,13,2.4,-,-,0,-,,
50,Cowboys,Andy Dalton,72,13.6,Away,79,17,27.6,17.2,15.3,18.6,13.3,19.3,-,-,-,3.6,13,2.4,-,-,0,-,
51,Browns,Baker Mayfield,78,10.9,Away,88,1,,,,,,,,,,,,,,,,,
52,Browns,Baker Mayfield,78,16.3,Home,63,2,10.9,,,,,,,,,,,,,,,,
53,Browns,Baker Mayfield,78,14.3,Home,93,3,16.3,10.9,,,,,,,,,,,,,,,
54,Browns,Baker Mayfield,78,15.2,Away,67,4,14.3,16.3,10.9,,,,,,,,,,,,,,
55,Browns,Baker Mayfield,78,17.6,Home,77,5,15.2,14.3,16.3,10.9,,,,,,,,,,,,,
56,Browns,Baker Mayfield,78,7.3,Away,86,6,17.6,15.2,14.3,16.3,10.9,,,,,,,,,,,,
57,Browns,Baker Mayfield,78,30.8,Away,63,7,7.3,17.6,15.2,14.3,16.3,10.9,,,,,,,,,,,
58,Browns,Baker Mayfield,78,7.8,Home,69,8,30.8,7.3,17.6,15.2,14.3,16.3,10.9,,,,,,,,,,
59,Browns,Baker Mayfield,78,-,Bye,Bye,9,7.8,30.8,7.3,17.6,15.2,14.3,16.3,10.9,,,,,,,,,
60,Browns,Baker Mayfield,78,5.4,Home,60,10,-,7.8,30.8,7.3,17.6,15.2,14.3,16.3,10.9,,,,,,,,
61,Browns,Baker Mayfield,78,7.1,Home,72,11,5.4,-,7.8,30.8,7.3,17.6,15.2,14.3,16.3,10.9,,,,,,,
62,Browns,Baker Mayfield,78,18.4,Away,70,12,7.1,5.4,-,7.8,30.8,7.3,17.6,15.2,14.3,16.3,10.9,,,,,,
63,Browns,Baker Mayfield,78,28.5,Away,68,13,18.4,7.1,5.4,-,7.8,30.8,7.3,17.6,15.2,14.3,16.3,10.9,,,,,
64,Browns,Baker Mayfield,78,31,Home,88,14,28.5,18.4,7.1,5.4,-,7.8,30.8,7.3,17.6,15.2,14.3,16.3,10.9,,,,
65,Browns,Baker Mayfield,78,21,Away,79,15,31,28.5,18.4,7.1,5.4,-,7.8,30.8,7.3,17.6,15.2,14.3,16.3,10.9,,,
66,Browns,Baker Mayfield,78,8,Away,72,16,21,31,28.5,18.4,7.1,5.4,-,7.8,30.8,7.3,17.6,15.2,14.3,16.3,10.9,,
67,Browns,Baker Mayfield,78,16.2,Home,86,17,8,21,31,28.5,18.4,7.1,5.4,-,7.8,30.8,7.3,17.6,15.2,14.3,16.3,10.9,
68,Cowboys,Ben DiNucci,57,-,Away,90,1,,,,,,,,,,,,,,,,,
69,Cowboys,Ben DiNucci,57,-,Home,65,2,-,,,,,,,,,,,,,,,,
70,Cowboys,Ben DiNucci,57,-,Away,70,3,-,-,,,,,,,,,,,,,,,
71,Cowboys,Ben DiNucci,57,-,Home,86,4,-,-,-,,,,,,,,,,,,,,
72,Cowboys,Ben DiNucci,57,BYE,Home,79,5,-,-,-,-,,,,,,,,,,,,,
73,Cowboys,Ben DiNucci,57,0,Home,73,6,BYE,-,-,-,-,,,,,,,,,,,,
74,Cowboys,Ben DiNucci,57,1.6,Away,93,7,0,BYE,-,-,-,-,,,,,,,,,,,
75,Cowboys,Ben DiNucci,57,5.4,Away,72,8,1.6,0,BYE,-,-,-,-,,,,,,,,,,
76,Cowboys,Ben DiNucci,57,-,Home,86,9,5.4,1.6,0,BYE,-,-,-,-,,,,,,,,,
77,Cowboys,Ben DiNucci,57,-,Bye,Bye,10,-,5.4,1.6,0,BYE,-,-,-,-,,,,,,,,
78,Cowboys,Ben DiNucci,57,-,Away,84,11,-,-,5.4,1.6,0,BYE,-,-,-,-,,,,,,,
79,Cowboys,Ben DiNucci,57,-,Home,93,12,-,-,-,5.4,1.6,0,BYE,-,-,-,-,,,,,,
80,Cowboys,Ben DiNucci,57,-,Away,88,13,-,-,-,-,5.4,1.6,0,BYE,-,-,-,-,,,,,
81,Cowboys,Ben DiNucci,57,-,Away,63,14,-,-,-,-,-,5.4,1.6,0,BYE,-,-,-,-,,,,
82,Cowboys,Ben DiNucci,57,-,Home,83,15,-,-,-,-,-,-,5.4,1.6,0,BYE,-,-,-,-,,,
83,Cowboys,Ben DiNucci,57,-,Home,72,16,-,-,-,-,-,-,-,5.4,1.6,0,BYE,-,-,-,-,,
84,Cowboys,Ben DiNucci,57,-,Away,79,17,-,-,-,-,-,-,-,-,5.4,1.6,0,BYE,-,-,-,-,
85,Steelers,Ben Roethlisberger,81,22.1,Away,79,1,,,,,,,,,,,,,,,,,
86,Steelers,Ben Roethlisberger,81,19.2,Home,87,2,22.1,,,,,,,,,,,,,,,,
87,Steelers,Ben Roethlisberger,81,19.2,Home,60,3,19.2,22.1,,,,,,,,,,,,,,,
88,Steelers,Ben Roethlisberger,81,-,Bye,Bye,4,19.2,19.2,22.1,,,,,,,,,,,,,,
89,Steelers,Ben Roethlisberger,81,21.4,Home,72,5,-,19.2,19.2,22.1,,,,,,,,,,,,,
90,Steelers,Ben Roethlisberger,81,11,Home,86,6,21.4,-,19.2,19.2,22.1,,,,,,,,,,,,
91,Steelers,Ben Roethlisberger,81,15.6,Away,68,7,11,21.4,-,19.2,19.2,22.1,,,,,,,,,,,
92,Steelers,Ben Roethlisberger,81,15.3,Away,88,8,15.6,11,21.4,-,19.2,19.2,22.1,,,,,,,,,,
93,Steelers,Ben Roethlisberger,81,25,Away,67,9,15.3,15.6,11,21.4,-,19.2,19.2,22.1,,,,,,,,,
94,Steelers,Ben Roethlisberger,81,29.3,Home,63,10,25,15.3,15.6,11,21.4,-,19.2,19.2,22.1,,,,,,,,
95,Steelers,Ben Roethlisberger,81,17.7,Away,70,11,29.3,25,15.3,15.6,11,21.4,-,19.2,19.2,22.1,,,,,,,
96,Steelers,Ben Roethlisberger,81,13.5,Home,88,12,17.7,29.3,25,15.3,15.6,11,21.4,-,19.2,19.2,22.1,,,,,,
97,Steelers,Ben Roethlisberger,81,19.2,Home,93,13,13.5,17.7,29.3,25,15.3,15.6,11,21.4,-,19.2,19.2,22.1,,,,,
98,Steelers,Ben Roethlisberger,81,15.5,Away,77,14,19.2,13.5,17.7,29.3,25,15.3,15.6,11,21.4,-,19.2,19.2,22.1,,,,
99,Steelers,Ben Roethlisberger,81,7.7,Away,63,15,15.5,19.2,13.5,17.7,29.3,25,15.3,15.6,11,21.4,-,19.2,19.2,22.1,,,
100,Steelers,Ben Roethlisberger,81,25.5,Home,77,16,7.7,15.5,19.2,13.5,17.7,29.3,25,15.3,15.6,11,21.4,-,19.2,19.2,22.1,,
101,Steelers,Ben Roethlisberger,81,-,Away,86,17,25.5,7.7,15.5,19.2,13.5,17.7,29.3,25,15.3,15.6,11,21.4,-,19.2,19.2,22.1,
102,Buccaneers,Blaine Gabbert,62,-,Away,83,1,,,,,,,,,,,,,,,,,
103,Buccaneers,Blaine Gabbert,62,-,Home,80,2,-,,,,,,,,,,,,,,,,
104,Buccaneers,Blaine Gabbert,62,-,Away,87,3,-,-,,,,,,,,,,,,,,,
105,Buccaneers,Blaine Gabbert,62,-,Home,76,4,-,-,-,,,,,,,,,,,,,,
106,Buccaneers,Blaine Gabbert,62,-,Away,82,5,-,-,-,-,,,,,,,,,,,,,
107,Buccaneers,Blaine Gabbert,62,0.2,Home,79,6,-,-,-,-,-,,,,,,,,,,,,
108,Buccaneers,Blaine Gabbert,62,-,Away,69,7,0.2,-,-,-,-,-,,,,,,,,,,,
109,Buccaneers,Blaine Gabbert,62,-,Away,79,8,-,0.2,-,-,-,-,-,,,,,,,,,,
110,Buccaneers,Blaine Gabbert,62,-0.1,Home,83,9,-,-,0.2,-,-,-,-,-,,,,,,,,,
111,Buccaneers,Blaine Gabbert,62,0,Away,80,10,-0.1,-,-,0.2,-,-,-,-,-,,,,,,,,
112,Buccaneers,Blaine Gabbert,62,-,Home,90,11,0,-0.1,-,-,0.2,-,-,-,-,-,,,,,,,
113,Buccaneers,Blaine Gabbert,62,-,Home,80,12,-,0,-0.1,-,-,0.2,-,-,-,-,-,,,,,,
114,Buccaneers,Blaine Gabbert,62,-,Bye,Bye,13,-,-,0,-0.1,-,-,0.2,-,-,-,-,-,,,,,
115,Buccaneers,Blaine Gabbert,62,-,Home,84,14,-,-,-,0,-0.1,-,-,0.2,-,-,-,-,-,,,,
116,Buccaneers,Blaine Gabbert,62,-,Away,65,15,-,-,-,-,0,-0.1,-,-,0.2,-,-,-,-,-,,,
117,Buccaneers,Blaine Gabbert,62,15.2,Away,74,16,-,-,-,-,-,0,-0.1,-,-,0.2,-,-,-,-,-,,
118,Buccaneers,Blaine Gabbert,62,-,Home,65,17,15.2,-,-,-,-,-,0,-0.1,-,-,0.2,-,-,-,-,-,
119,Broncos,Brett Rypien,55,-,Home,68,1,,,,,,,,,,,,,,,,,
120,Broncos,Brett Rypien,55,-,Away,86,2,-,,,,,,,,,,,,,,,,
121,Broncos,Brett Rypien,55,1.1,Home,90,3,-,-,,,,,,,,,,,,,,,
122,Broncos,Brett Rypien,55,14.2,Away,72,4,1.1,-,-,,,,,,,,,,,,,,
123,Broncos,Brett Rypien,55,-,Bye,Bye,5,14.2,1.1,-,-,,,,,,,,,,,,,
124,Broncos,Brett Rypien,55,BYE,Away,82,6,-,14.2,1.1,-,-,,,,,,,,,,,,
125,Broncos,Brett Rypien,55,0,Home,80,7,BYE,-,14.2,1.1,-,-,,,,,,,,,,,
126,Broncos,Brett Rypien,55,-,Home,76,8,0,BYE,-,14.2,1.1,-,-,,,,,,,,,,
127,Broncos,Brett Rypien,55,-,Away,65,9,-,0,BYE,-,14.2,1.1,-,-,,,,,,,,,
128,Broncos,Brett Rypien,55,-,Away,69,10,-,-,0,BYE,-,14.2,1.1,-,-,,,,,,,,
129,Broncos,Brett Rypien,55,-,Home,86,11,-,-,-,0,BYE,-,14.2,1.1,-,-,,,,,,,
130,Broncos,Brett Rypien,55,-,Home,83,12,-,-,-,-,0,BYE,-,14.2,1.1,-,-,,,,,,
131,Broncos,Brett Rypien,55,-,Away,80,13,-,-,-,-,-,0,BYE,-,14.2,1.1,-,-,,,,,
132,Broncos,Brett Rypien,55,-,Away,80,14,-,-,-,-,-,-,0,BYE,-,14.2,1.1,-,-,,,,
133,Broncos,Brett Rypien,55,-,Home,77,15,-,-,-,-,-,-,-,0,BYE,-,14.2,1.1,-,-,,,
134,Broncos,Brett Rypien,55,-,Away,76,16,-,-,-,-,-,-,-,-,0,BYE,-,14.2,1.1,-,-,,
135,Broncos,Brett Rypien,55,-,Home,69,17,-,-,-,-,-,-,-,-,-,0,BYE,-,14.2,1.1,-,-,
136,Patriots,Brian Hoyer,62,-,Home,86,1,,,,,,,,,,,,,,,,,
137,Patriots,Brian Hoyer,62,-,Away,70,2,-,,,,,,,,,,,,,,,,
138,Patriots,Brian Hoyer,62,-,Home,69,3,-,-,,,,,,,,,,,,,,,
139,Patriots,Brian Hoyer,62,3,Away,80,4,-,-,-,,,,,,,,,,,,,,
140,Patriots,Brian Hoyer,62,-,Bye,Bye,5,3,-,-,-,,,,,,,,,,,,,
141,Patriots,Brian Hoyer,62,BYE,Home,87,6,-,3,-,-,-,,,,,,,,,,,,
142,Patriots,Brian Hoyer,62,-,Home,83,7,BYE,-,3,-,-,-,,,,,,,,,,,
143,Patriots,Brian Hoyer,62,-,Away,77,8,-,BYE,-,3,-,-,-,,,,,,,,,,
144,Patriots,Brian Hoyer,62,-,Away,72,9,-,-,BYE,-,3,-,-,-,,,,,,,,,
145,Patriots,Brian Hoyer,62,-,Home,88,10,-,-,-,BYE,-,3,-,-,-,,,,,,,,
146,Patriots,Brian Hoyer,62,-,Away,60,11,-,-,-,-,BYE,-,3,-,-,-,,,,,,,
147,Patriots,Brian Hoyer,62,-,Home,73,12,-,-,-,-,-,BYE,-,3,-,-,-,,,,,,
148,Patriots,Brian Hoyer,62,-,Away,76,13,-,-,-,-,-,-,BYE,-,3,-,-,-,,,,,
149,Patriots,Brian Hoyer,62,-,Away,90,14,-,-,-,-,-,-,-,BYE,-,3,-,-,-,,,,
150,Patriots,Brian Hoyer,62,-,Away,86,15,-,-,-,-,-,-,-,-,BYE,-,3,-,-,-,,,
151,Patriots,Brian Hoyer,62,-,Home,77,16,-,-,-,-,-,-,-,-,-,BYE,-,3,-,-,-,,
152,Patriots,Brian Hoyer,62,-,Home,72,17,-,-,-,-,-,-,-,-,-,-,BYE,-,3,-,-,-,
153,49ers,C.J. Beathard,56,-,Home,73,1,,,,,,,,,,,,,,,,,
154,49ers,C.J. Beathard,56,-,Away,72,2,-,,,,,,,,,,,,,,,,
155,49ers,C.J. Beathard,56,-,Away,79,3,-,-,,,,,,,,,,,,,,,
156,49ers,C.J. Beathard,56,5.5,Home,72,4,-,-,-,,,,,,,,,,,,,,
157,49ers,C.J. Beathard,56,5.8,Home,86,5,5.5,-,-,-,,,,,,,,,,,,,
158,49ers,C.J. Beathard,56,-,Home,90,6,5.8,5.5,-,-,-,,,,,,,,,,,,
159,49ers,C.J. Beathard,56,-,Away,82,7,-,5.8,5.5,-,-,-,,,,,,,,,,,
160,49ers,C.J. Beathard,56,BYE,Away,70,8,-,-,5.8,5.5,-,-,-,,,,,,,,,,
161,49ers,C.J. Beathard,56,-,Home,79,9,BYE,-,-,5.8,5.5,-,-,-,,,,,,,,,
162,49ers,C.J. Beathard,56,0,Away,83,10,-,BYE,-,-,5.8,5.5,-,-,-,,,,,,,,
163,49ers,C.J. Beathard,56,-,Bye,Bye,11,0,-,BYE,-,-,5.8,5.5,-,-,-,,,,,,,
164,49ers,C.J. Beathard,56,-,Away,90,12,-,0,-,BYE,-,-,5.8,5.5,-,-,-,,,,,,
165,49ers,C.J. Beathard,56,-,Home,77,13,-,-,0,-,BYE,-,-,5.8,5.5,-,-,-,,,,,
166,49ers,C.J. Beathard,56,-,Home,93,14,-,-,-,0,-,BYE,-,-,5.8,5.5,-,-,-,,,,
167,49ers,C.J. Beathard,56,8,Away,67,15,-,-,-,-,0,-,BYE,-,-,5.8,5.5,-,-,-,,,
168,49ers,C.J. Beathard,56,19.1,Away,73,16,8,-,-,-,-,0,-,BYE,-,-,5.8,5.5,-,-,-,,
169,49ers,C.J. Beathard,56,13.9,Home,70,17,19.1,8,-,-,-,-,0,-,BYE,-,-,5.8,5.5,-,-,-,
170,Patriots,Cam Newton,78,25.7,Home,86,1,,,,,,,,,,,,,,,,,
171,Patriots,Cam Newton,78,35.6,Away,70,2,25.7,,,,,,,,,,,,,,,,
172,Patriots,Cam Newton,78,12.2,Home,69,3,35.6,25.7,,,,,,,,,,,,,,,
173,Patriots,Cam Newton,78,-,Away,80,4,12.2,35.6,25.7,,,,,,,,,,,,,,
174,Patriots,Cam Newton,78,-,Bye,Bye,5,-,12.2,35.6,25.7,,,,,,,,,,,,,
175,Patriots,Cam Newton,78,19.5,Home,87,6,-,-,12.2,35.6,25.7,,,,,,,,,,,,
176,Patriots,Cam Newton,78,2.8,Home,83,7,19.5,-,-,12.2,35.6,25.7,,,,,,,,,,,
177,Patriots,Cam Newton,78,18.4,Away,77,8,2.8,19.5,-,-,12.2,35.6,25.7,,,,,,,,,,
178,Patriots,Cam Newton,78,24.6,Away,72,9,18.4,2.8,19.5,-,-,12.2,35.6,25.7,,,,,,,,,
179,Patriots,Cam Newton,78,16.8,Home,88,10,24.6,18.4,2.8,19.5,-,-,12.2,35.6,25.7,,,,,,,,
180,Patriots,Cam Newton,78,19.2,Away,60,11,16.8,24.6,18.4,2.8,19.5,-,-,12.2,35.6,25.7,,,,,,,
181,Patriots,Cam Newton,78,6,Home,73,12,19.2,16.8,24.6,18.4,2.8,19.5,-,-,12.2,35.6,25.7,,,,,,
182,Patriots,Cam Newton,78,23.6,Away,76,13,6,19.2,16.8,24.6,18.4,2.8,19.5,-,-,12.2,35.6,25.7,,,,,
183,Patriots,Cam Newton,78,5.4,Away,90,14,23.6,6,19.2,16.8,24.6,18.4,2.8,19.5,-,-,12.2,35.6,25.7,,,,
184,Patriots,Cam Newton,78,12.2,Away,86,15,5.4,23.6,6,19.2,16.8,24.6,18.4,2.8,19.5,-,-,12.2,35.6,25.7,,,
185,Patriots,Cam Newton,78,9.8,Home,77,16,12.2,5.4,23.6,6,19.2,16.8,24.6,18.4,2.8,19.5,-,-,12.2,35.6,25.7,,
186,Patriots,Cam Newton,78,37.5,Home,72,17,9.8,12.2,5.4,23.6,6,19.2,16.8,24.6,18.4,2.8,19.5,-,-,12.2,35.6,25.7,
187,Eagles,Carson Wentz,84,15,Away,93,1,,,,,,,,,,,,,,,,,
188,Eagles,Carson Wentz,84,14.4,Home,90,2,15,,,,,,,,,,,,,,,,
189,Eagles,Carson Wentz,84,23.5,Home,63,3,14.4,15,,,,,,,,,,,,,,,
190,Eagles,Carson Wentz,84,22.4,Away,83,4,23.5,14.4,15,,,,,,,,,,,,,,
191,Eagles,Carson Wentz,84,19.4,Away,86,5,22.4,23.5,14.4,15,,,,,,,,,,,,,
192,Eagles,Carson Wentz,84,29.4,Home,88,6,19.4,22.4,23.5,14.4,15,,,,,,,,,,,,
193,Eagles,Carson Wentz,84,28.8,Home,79,7,29.4,19.4,22.4,23.5,14.4,15,,,,,,,,,,,
194,Eagles,Carson Wentz,84,10.6,Home,67,8,28.8,29.4,19.4,22.4,23.5,14.4,15,,,,,,,,,,
195,Eagles,Carson Wentz,84,BYE,Bye,Bye,9,10.6,28.8,29.4,19.4,22.4,23.5,14.4,15,,,,,,,,,
196,Eagles,Carson Wentz,84,8.7,Away,79,10,BYE,10.6,28.8,29.4,19.4,22.4,23.5,14.4,15,,,,,,,,
197,Eagles,Carson Wentz,84,16.4,Away,86,11,8.7,BYE,10.6,28.8,29.4,19.4,22.4,23.5,14.4,15,,,,,,,
198,Eagles,Carson Wentz,84,19.8,Home,70,12,16.4,8.7,BYE,10.6,28.8,29.4,19.4,22.4,23.5,14.4,15,,,,,,
199,Eagles,Carson Wentz,84,5,Away,79,13,19.8,16.4,8.7,BYE,10.6,28.8,29.4,19.4,22.4,23.5,14.4,15,,,,,
200,Eagles,Carson Wentz,84,-,Home,83,14,5,19.8,16.4,8.7,BYE,10.6,28.8,29.4,19.4,22.4,23.5,14.4,15,,,,
201,Eagles,Carson Wentz,84,-,Away,73,15,-,5,19.8,16.4,8.7,BYE,10.6,28.8,29.4,19.4,22.4,23.5,14.4,15,,,
202,Eagles,Carson Wentz,84,-,Away,67,16,-,-,5,19.8,16.4,8.7,BYE,10.6,28.8,29.4,19.4,22.4,23.5,14.4,15,,
203,Eagles,Carson Wentz,84,-,Home,93,17,-,-,-,5,19.8,16.4,8.7,BYE,10.6,28.8,29.4,19.4,22.4,23.5,14.4,15,
204,Browns,Case Keenum,67,-,Away,88,1,,,,,,,,,,,,,,,,,
205,Browns,Case Keenum,67,-,Home,63,2,-,,,,,,,,,,,,,,,,
206,Browns,Case Keenum,67,-,Home,93,3,-,-,,,,,,,,,,,,,,,
207,Browns,Case Keenum,67,-,Away,67,4,-,-,-,,,,,,,,,,,,,,
208,Browns,Case Keenum,67,-,Home,77,5,-,-,-,-,,,,,,,,,,,,,
209,Browns,Case Keenum,67,1.8,Away,86,6,-,-,-,-,-,,,,,,,,,,,,
210,Browns,Case Keenum,67,-,Away,63,7,1.8,-,-,-,-,-,,,,,,,,,,,
211,Browns,Case Keenum,67,BYE,Home,69,8,-,1.8,-,-,-,-,-,,,,,,,,,,
212,Browns,Case Keenum,67,-,Bye,Bye,9,BYE,-,1.8,-,-,-,-,-,,,,,,,,,
213,Browns,Case Keenum,67,-,Home,60,10,-,BYE,-,1.8,-,-,-,-,-,,,,,,,,
214,Browns,Case Keenum,67,-,Home,72,11,-,-,BYE,-,1.8,-,-,-,-,-,,,,,,,
215,Browns,Case Keenum,67,-,Away,70,12,-,-,-,BYE,-,1.8,-,-,-,-,-,,,,,,
216,Browns,Case Keenum,67,-,Away,68,13,-,-,-,-,BYE,-,1.8,-,-,-,-,-,,,,,
217,Browns,Case Keenum,67,-,Home,88,14,-,-,-,-,-,BYE,-,1.8,-,-,-,-,-,,,,
218,Browns,Case Keenum,67,-,Away,79,15,-,-,-,-,-,-,BYE,-,1.8,-,-,-,-,-,,,
219,Browns,Case Keenum,67,0,Away,72,16,-,-,-,-,-,-,-,BYE,-,1.8,-,-,-,-,-,,
220,Browns,Case Keenum,67,-,Home,86,17,0,-,-,-,-,-,-,-,BYE,-,1.8,-,-,-,-,-,
221,Chiefs,Chad Henne,59,-,Home,60,1,,,,,,,,,,,,,,,,,
222,Chiefs,Chad Henne,59,-,Away,76,2,-,,,,,,,,,,,,,,,,
223,Chiefs,Chad Henne,59,-,Away,88,3,-,-,,,,,,,,,,,,,,,
224,Chiefs,Chad Henne,59,-,Home,82,4,-,-,-,,,,,,,,,,,,,,
225,Chiefs,Chad Henne,59,-,Home,69,5,-,-,-,-,,,,,,,,,,,,,
226,Chiefs,Chad Henne,59,-,Away,77,6,-,-,-,-,-,,,,,,,,,,,,
227,Chiefs,Chad Henne,59,6.3,Away,87,7,-,-,-,-,-,-,,,,,,,,,,,
228,Chiefs,Chad Henne,59,0.7,Home,72,8,6.3,-,-,-,-,-,-,,,,,,,,,,
229,Chiefs,Chad Henne,59,-,Home,80,9,0.7,6.3,-,-,-,-,-,-,,,,,,,,,
230,Chiefs,Chad Henne,59,-,Bye,Bye,10,-,0.7,6.3,-,-,-,-,-,-,,,,,,,,
231,Chiefs,Chad Henne,59,-,Away,69,11,-,-,0.7,6.3,-,-,-,-,-,-,,,,,,,
232,Chiefs,Chad Henne,59,-,Away,90,12,-,-,-,0.7,6.3,-,-,-,-,-,-,,,,,,
233,Chiefs,Chad Henne,59,-,Home,87,13,-,-,-,-,0.7,6.3,-,-,-,-,-,-,,,,,
234,Chiefs,Chad Henne,59,-,Away,86,14,-,-,-,-,-,0.7,6.3,-,-,-,-,-,-,,,,
235,Chiefs,Chad Henne,59,-,Away,83,15,-,-,-,-,-,-,0.7,6.3,-,-,-,-,-,-,,,
236,Chiefs,Chad Henne,59,-,Home,65,16,-,-,-,-,-,-,-,0.7,6.3,-,-,-,-,-,-,,
237,Chiefs,Chad Henne,59,16.7,Home,76,17,-,-,-,-,-,-,-,-,0.7,6.3,-,-,-,-,-,-,
238,Lions,Chase Daniel,63,-,Home,82,1,,,,,,,,,,,,,,,,,
239,Lions,Chase Daniel,63,-,Away,79,2,-,,,,,,,,,,,,,,,,
240,Lions,Chase Daniel,63,-,Away,73,3,-,-,,,,,,,,,,,,,,,
241,Lions,Chase Daniel,63,-,Home,83,4,-,-,-,,,,,,,,,,,,,,
242,Lions,Chase Daniel,63,-,Bye,Bye,5,-,-,-,-,,,,,,,,,,,,,
243,Lions,Chase Daniel,63,-,Away,70,6,-,-,-,-,-,,,,,,,,,,,,
244,Lions,Chase Daniel,63,-,Away,65,7,-,-,-,-,-,-,,,,,,,,,,,
245,Lions,Chase Daniel,63,-,Home,77,8,-,-,-,-,-,-,-,,,,,,,,,,
246,Lions,Chase Daniel,63,7.3,Away,84,9,-,-,-,-,-,-,-,-,,,,,,,,,
247,Lions,Chase Daniel,63,-,Home,93,10,7.3,-,-,-,-,-,-,-,-,,,,,,,,
248,Lions,Chase Daniel,63,-,Away,80,11,-,7.3,-,-,-,-,-,-,-,-,,,,,,,
249,Lions,Chase Daniel,63,-,Home,60,12,-,-,7.3,-,-,-,-,-,-,-,-,,,,,,
250,Lions,Chase Daniel,63,-,Away,82,13,-,-,-,7.3,-,-,-,-,-,-,-,-,,,,,
251,Lions,Chase Daniel,63,1.2,Home,79,14,-,-,-,-,7.3,-,-,-,-,-,-,-,-,,,,
252,Lions,Chase Daniel,63,2.3,Away,68,15,1.2,-,-,-,-,7.3,-,-,-,-,-,-,-,-,,,
253,Lions,Chase Daniel,63,3.4,Home,90,16,2.3,1.2,-,-,-,-,7.3,-,-,-,-,-,-,-,-,,
254,Lions,Chase Daniel,63,-,Home,84,17,3.4,2.3,1.2,-,-,-,-,7.3,-,-,-,-,-,-,-,-,
255,Giants,Colt McCoy,61,-,Home,86,1,,,,,,,,,,,,,,,,,
256,Giants,Colt McCoy,61,-,Away,82,2,-,,,,,,,,,,,,,,,,
257,Giants,Colt McCoy,61,-,Home,83,3,-,-,,,,,,,,,,,,,,,
258,Giants,Colt McCoy,61,-,Away,90,4,-,-,-,,,,,,,,,,,,,,
259,Giants,Colt McCoy,61,-,Away,67,5,-,-,-,-,,,,,,,,,,,,,
260,Giants,Colt McCoy,61,-,Home,93,6,-,-,-,-,-,,,,,,,,,,,,
261,Giants,Colt McCoy,61,-,Away,72,7,-,-,-,-,-,-,,,,,,,,,,,
262,Giants,Colt McCoy,61,-,Home,90,8,-,-,-,-,-,-,-,,,,,,,,,,
263,Giants,Colt McCoy,61,-,Away,93,9,-,-,-,-,-,-,-,-,,,,,,,,,
264,Giants,Colt McCoy,61,-,Home,72,10,-,-,-,-,-,-,-,-,-,,,,,,,,
265,Giants,Colt McCoy,61,-,Bye,Bye,11,-,-,-,-,-,-,-,-,-,-,,,,,,,
266,Giants,Colt McCoy,61,1.9,Away,63,12,-,-,-,-,-,-,-,-,-,-,-,,,,,,
267,Giants,Colt McCoy,61,9.4,Away,70,13,1.9,-,-,-,-,-,-,-,-,-,-,-,,,,,
268,Giants,Colt McCoy,61,-1.3,Home,73,14,9.4,1.9,-,-,-,-,-,-,-,-,-,-,-,,,,
269,Giants,Colt McCoy,61,9.1,Home,86,15,-1.3,9.4,1.9,-,-,-,-,-,-,-,-,-,-,-,,,
270,Giants,Colt McCoy,61,-,Away,88,16,9.1,-1.3,9.4,1.9,-,-,-,-,-,-,-,-,-,-,-,,
271,Giants,Colt McCoy,61,-,Home,67,17,-,9.1,-1.3,9.4,1.9,-,-,-,-,-,-,-,-,-,-,-,
272,Cowboys,Dak Prescott,84,17.6,Away,90,1,,,,,,,,,,,,,,,,,
273,Cowboys,Dak Prescott,84,39.8,Home,65,2,17.6,,,,,,,,,,,,,,,,
274,Cowboys,Dak Prescott,84,29.5,Away,70,3,39.8,17.6,,,,,,,,,,,,,,,
275,Cowboys,Dak Prescott,84,38.3,Home,86,4,29.5,39.8,17.6,,,,,,,,,,,,,,
276,Cowboys,Dak Prescott,84,13.4,Home,79,5,38.3,29.5,39.8,17.6,,,,,,,,,,,,,
277,Cowboys,Dak Prescott,84,-,Home,73,6,13.4,38.3,29.5,39.8,17.6,,,,,,,,,,,,
278,Cowboys,Dak Prescott,84,-,Away,93,7,-,13.4,38.3,29.5,39.8,17.6,,,,,,,,,,,
279,Cowboys,Dak Prescott,84,-,Away,72,8,-,-,13.4,38.3,29.5,39.8,17.6,,,,,,,,,,
280,Cowboys,Dak Prescott,84,-,Home,86,9,-,-,-,13.4,38.3,29.5,39.8,17.6,,,,,,,,,
281,Cowboys,Dak Prescott,84,BYE,Bye,Bye,10,-,-,-,-,13.4,38.3,29.5,39.8,17.6,,,,,,,,
282,Cowboys,Dak Prescott,84,-,Away,84,11,BYE,-,-,-,-,13.4,38.3,29.5,39.8,17.6,,,,,,,
283,Cowboys,Dak Prescott,84,-,Home,93,12,-,BYE,-,-,-,-,13.4,38.3,29.5,39.8,17.6,,,,,,
284,Cowboys,Dak Prescott,84,-,Away,88,13,-,-,BYE,-,-,-,-,13.4,38.3,29.5,39.8,17.6,,,,,
285,Cowboys,Dak Prescott,84,-,Away,63,14,-,-,-,BYE,-,-,-,-,13.4,38.3,29.5,39.8,17.6,,,,
286,Cowboys,Dak Prescott,84,-,Home,83,15,-,-,-,-,BYE,-,-,-,-,13.4,38.3,29.5,39.8,17.6,,,
287,Cowboys,Dak Prescott,84,-,Home,72,16,-,-,-,-,-,BYE,-,-,-,-,13.4,38.3,29.5,39.8,17.6,,
288,Cowboys,Dak Prescott,84,-,Away,79,17,-,-,-,-,-,-,BYE,-,-,-,-,13.4,38.3,29.5,39.8,17.6,
289,Giants,Daniel Jones,72,19.4,Home,86,1,,,,,,,,,,,,,,,,,
290,Giants,Daniel Jones,72,8.7,Away,82,2,19.4,,,,,,,,,,,,,,,,
291,Giants,Daniel Jones,72,9.1,Home,83,3,8.7,19.4,,,,,,,,,,,,,,,
292,Giants,Daniel Jones,72,11.1,Away,90,4,9.1,8.7,19.4,,,,,,,,,,,,,,
293,Giants,Daniel Jones,72,8.2,Away,67,5,11.1,9.1,8.7,19.4,,,,,,,,,,,,,
294,Giants,Daniel Jones,72,14.9,Home,93,6,8.2,11.1,9.1,8.7,19.4,,,,,,,,,,,,
295,Giants,Daniel Jones,72,21.7,Away,72,7,14.9,8.2,11.1,9.1,8.7,19.4,,,,,,,,,,,
296,Giants,Daniel Jones,72,18.2,Home,90,8,21.7,14.9,8.2,11.1,9.1,8.7,19.4,,,,,,,,,,
297,Giants,Daniel Jones,72,12.9,Away,93,9,18.2,21.7,14.9,8.2,11.1,9.1,8.7,19.4,,,,,,,,,
298,Giants,Daniel Jones,72,22.2,Home,72,10,12.9,18.2,21.7,14.9,8.2,11.1,9.1,8.7,19.4,,,,,,,,
299,Giants,Daniel Jones,72,BYE,Bye,Bye,11,22.2,12.9,18.2,21.7,14.9,8.2,11.1,9.1,8.7,19.4,,,,,,,
300,Giants,Daniel Jones,72,10.4,Away,63,12,BYE,22.2,12.9,18.2,21.7,14.9,8.2,11.1,9.1,8.7,19.4,,,,,,
301,Giants,Daniel Jones,72,-,Away,70,13,10.4,BYE,22.2,12.9,18.2,21.7,14.9,8.2,11.1,9.1,8.7,19.4,,,,,
302,Giants,Daniel Jones,72,3.1,Home,73,14,-,10.4,BYE,22.2,12.9,18.2,21.7,14.9,8.2,11.1,9.1,8.7,19.4,,,,
303,Giants,Daniel Jones,72,-,Home,86,15,3.1,-,10.4,BYE,22.2,12.9,18.2,21.7,14.9,8.2,11.1,9.1,8.7,19.4,,,
304,Giants,Daniel Jones,72,14.4,Away,88,16,-,3.1,-,10.4,BYE,22.2,12.9,18.2,21.7,14.9,8.2,11.1,9.1,8.7,19.4,,
305,Giants,Daniel Jones,72,15.9,Home,67,17,14.4,-,3.1,-,10.4,BYE,22.2,12.9,18.2,21.7,14.9,8.2,11.1,9.1,8.7,19.4,
306,Lions,David Blough,56,-,Home,82,1,,,,,,,,,,,,,,,,,
307,Lions,David Blough,56,-,Away,79,2,-,,,,,,,,,,,,,,,,
308,Lions,David Blough,56,-,Away,73,3,-,-,,,,,,,,,,,,,,,
309,Lions,David Blough,56,-,Home,83,4,-,-,-,,,,,,,,,,,,,,
310,Lions,David Blough,56,BYE,Bye,Bye,5,-,-,-,-,,,,,,,,,,,,,
311,Lions,David Blough,56,-,Away,70,6,BYE,-,-,-,-,,,,,,,,,,,,
312,Lions,David Blough,56,-,Away,65,7,-,BYE,-,-,-,-,,,,,,,,,,,
313,Lions,David Blough,56,-,Home,77,8,-,-,BYE,-,-,-,-,,,,,,,,,,
314,Lions,David Blough,56,-,Away,84,9,-,-,-,BYE,-,-,-,-,,,,,,,,,
315,Lions,David Blough,56,-,Home,93,10,-,-,-,-,BYE,-,-,-,-,,,,,,,,
316,Lions,David Blough,56,-,Away,80,11,-,-,-,-,-,BYE,-,-,-,-,,,,,,,
317,Lions,David Blough,56,-,Home,60,12,-,-,-,-,-,-,BYE,-,-,-,-,,,,,,
318,Lions,David Blough,56,-,Away,82,13,-,-,-,-,-,-,-,BYE,-,-,-,-,,,,,
319,Lions,David Blough,56,-,Home,79,14,-,-,-,-,-,-,-,-,BYE,-,-,-,-,,,,
320,Lions,David Blough,56,-,Away,68,15,-,-,-,-,-,-,-,-,-,BYE,-,-,-,-,,,
321,Lions,David Blough,56,2.8,Home,90,16,-,-,-,-,-,-,-,-,-,-,BYE,-,-,-,-,,
322,Lions,David Blough,56,-,Home,84,17,2.8,-,-,-,-,-,-,-,-,-,-,BYE,-,-,-,-,
323,Raiders,Derek Carr,79,13.6,Away,80,1,,,,,,,,,,,,,,,,,
324,Raiders,Derek Carr,79,21.7,Home,83,2,13.6,,,,,,,,,,,,,,,,
325,Raiders,Derek Carr,79,15.4,Away,82,3,21.7,13.6,,,,,,,,,,,,,,,
326,Raiders,Derek Carr,79,20.4,Home,77,4,15.4,21.7,13.6,,,,,,,,,,,,,,
327,Raiders,Derek Carr,79,25,Away,80,5,20.4,15.4,21.7,13.6,,,,,,,,,,,,,
328,Raiders,Derek Carr,79,BYE,Bye,Bye,6,25,20.4,15.4,21.7,13.6,,,,,,,,,,,,
329,Raiders,Derek Carr,79,20.3,Home,90,7,BYE,25,20.4,15.4,21.7,13.6,,,,,,,,,,,
330,Raiders,Derek Carr,79,12.5,Away,86,8,20.3,BYE,25,20.4,15.4,21.7,13.6,,,,,,,,,,
331,Raiders,Derek Carr,79,14,Away,76,9,12.5,20.3,BYE,25,20.4,15.4,21.7,13.6,,,,,,,,,
332,Raiders,Derek Carr,79,7.2,Home,87,10,14,12.5,20.3,BYE,25,20.4,15.4,21.7,13.6,,,,,,,,
333,Raiders,Derek Carr,79,22.6,Home,80,11,7.2,14,12.5,20.3,BYE,25,20.4,15.4,21.7,13.6,,,,,,,
334,Raiders,Derek Carr,79,1.6,Away,65,12,22.6,7.2,14,12.5,20.3,BYE,25,20.4,15.4,21.7,13.6,,,,,,
335,Raiders,Derek Carr,79,32.7,Away,72,13,1.6,22.6,7.2,14,12.5,20.3,BYE,25,20.4,15.4,21.7,13.6,,,,,
336,Raiders,Derek Carr,79,25.8,Home,77,14,32.7,1.6,22.6,7.2,14,12.5,20.3,BYE,25,20.4,15.4,21.7,13.6,,,,
337,Raiders,Derek Carr,79,2.1,Home,76,15,25.8,32.7,1.6,22.6,7.2,14,12.5,20.3,BYE,25,20.4,15.4,21.7,13.6,,,
338,Raiders,Derek Carr,79,23.2,Home,86,16,2.1,25.8,32.7,1.6,22.6,7.2,14,12.5,20.3,BYE,25,20.4,15.4,21.7,13.6,,
339,Raiders,Derek Carr,79,22.9,Away,87,17,23.2,2.1,25.8,32.7,1.6,22.6,7.2,14,12.5,20.3,BYE,25,20.4,15.4,21.7,13.6,
340,Texans,Deshaun Watson,86,21.8,Away,80,1,,,,,,,,,,,,,,,,,
341,Texans,Deshaun Watson,86,15.7,Home,88,2,21.8,,,,,,,,,,,,,,,,
342,Texans,Deshaun Watson,86,18.1,Away,86,3,15.7,21.8,,,,,,,,,,,,,,,
343,Texans,Deshaun Watson,86,20.9,Home,84,4,18.1,15.7,21.8,,,,,,,,,,,,,,
344,Texans,Deshaun Watson,86,26.9,Home,70,5,20.9,18.1,15.7,21.8,,,,,,,,,,,,,
345,Texans,Deshaun Watson,86,32,Away,68,6,26.9,20.9,18.1,15.7,21.8,,,,,,,,,,,,
346,Texans,Deshaun Watson,86,24.2,Home,79,7,32,26.9,20.9,18.1,15.7,21.8,,,,,,,,,,,
347,Texans,Deshaun Watson,86,-,Bye,Bye,8,24.2,32,26.9,20.9,18.1,15.7,21.8,,,,,,,,,,
348,Texans,Deshaun Watson,86,24.2,Away,70,9,-,24.2,32,26.9,20.9,18.1,15.7,21.8,,,,,,,,,
349,Texans,Deshaun Watson,86,14.1,Away,86,10,24.2,-,24.2,32,26.9,20.9,18.1,15.7,21.8,,,,,,,,
350,Texans,Deshaun Watson,86,31.4,Home,82,11,14.1,24.2,-,24.2,32,26.9,20.9,18.1,15.7,21.8,,,,,,,
351,Texans,Deshaun Watson,86,33.1,Away,74,12,31.4,14.1,24.2,-,24.2,32,26.9,20.9,18.1,15.7,21.8,,,,,,
352,Texans,Deshaun Watson,86,20.4,Home,77,13,33.1,31.4,14.1,24.2,-,24.2,32,26.9,20.9,18.1,15.7,21.8,,,,,
353,Texans,Deshaun Watson,86,16.6,Away,82,14,20.4,33.1,31.4,14.1,24.2,-,24.2,32,26.9,20.9,18.1,15.7,21.8,,,,
354,Texans,Deshaun Watson,86,23.4,Away,77,15,16.6,20.4,33.1,31.4,14.1,24.2,-,24.2,32,26.9,20.9,18.1,15.7,21.8,,,
355,Texans,Deshaun Watson,86,26.8,Home,63,16,23.4,16.6,20.4,33.1,31.4,14.1,24.2,-,24.2,32,26.9,20.9,18.1,15.7,21.8,,
356,Texans,Deshaun Watson,86,26.8,Home,68,17,26.8,23.4,16.6,20.4,33.1,31.4,14.1,24.2,-,24.2,32,26.9,20.9,18.1,15.7,21.8,
357,Saints,Drew Brees,93,14.4,Home,90,1,,,,,,,,,,,,,,,,,
358,Saints,Drew Brees,93,15.5,Away,69,2,14.4,,,,,,,,,,,,,,,,
359,Saints,Drew Brees,93,23.5,Home,79,3,15.5,14.4,,,,,,,,,,,,,,,
360,Saints,Drew Brees,93,16.5,Away,74,4,23.5,15.5,14.4,,,,,,,,,,,,,,
361,Saints,Drew Brees,93,22.1,Home,76,5,16.5,23.5,15.5,14.4,,,,,,,,,,,,,
362,Saints,Drew Brees,93,-,Bye,Bye,6,22.1,16.5,23.5,15.5,14.4,,,,,,,,,,,,
363,Saints,Drew Brees,93,23.7,Home,80,7,-,22.1,16.5,23.5,15.5,14.4,,,,,,,,,,,
364,Saints,Drew Brees,93,19.6,Away,82,8,23.7,-,22.1,16.5,23.5,15.5,14.4,,,,,,,,,,
365,Saints,Drew Brees,93,22.7,Away,90,9,19.6,23.7,-,22.1,16.5,23.5,15.5,14.4,,,,,,,,,
366,Saints,Drew Brees,93,6.9,Home,83,10,22.7,19.6,23.7,-,22.1,16.5,23.5,15.5,14.4,,,,,,,,
367,Saints,Drew Brees,93,-,Home,65,11,6.9,22.7,19.6,23.7,-,22.1,16.5,23.5,15.5,14.4,,,,,,,
368,Saints,Drew Brees,93,-,Away,87,12,-,6.9,22.7,19.6,23.7,-,22.1,16.5,23.5,15.5,14.4,,,,,,
369,Saints,Drew Brees,93,-,Away,65,13,-,-,6.9,22.7,19.6,23.7,-,22.1,16.5,23.5,15.5,14.4,,,,,
370,Saints,Drew Brees,93,-,Away,72,14,-,-,-,6.9,22.7,19.6,23.7,-,22.1,16.5,23.5,15.5,14.4,,,,
371,Saints,Drew Brees,93,20.4,Home,80,15,-,-,-,-,6.9,22.7,19.6,23.7,-,22.1,16.5,23.5,15.5,14.4,,,
372,Saints,Drew Brees,93,10.1,Home,84,16,20.4,-,-,-,-,6.9,22.7,19.6,23.7,-,22.1,16.5,23.5,15.5,14.4,,
373,Saints,Drew Brees,93,20,Away,80,17,10.1,20.4,-,-,-,-,6.9,22.7,19.6,23.7,-,22.1,16.5,23.5,15.5,14.4,
374,Broncos,Drew Lock,70,13.1,Home,68,1,,,,,,,,,,,,,,,,,
375,Broncos,Drew Lock,70,-1.2,Away,86,2,13.1,,,,,,,,,,,,,,,,
376,Broncos,Drew Lock,70,-,Home,90,3,-1.2,13.1,,,,,,,,,,,,,,,
377,Broncos,Drew Lock,70,-,Away,72,4,-,-1.2,13.1,,,,,,,,,,,,,,
378,Broncos,Drew Lock,70,-,Bye,Bye,5,-,-,-1.2,13.1,,,,,,,,,,,,,
379,Broncos,Drew Lock,70,5.5,Away,82,6,-,-,-,-1.2,13.1,,,,,,,,,,,,
380,Broncos,Drew Lock,70,15,Home,80,7,5.5,-,-,-,-1.2,13.1,,,,,,,,,,,
381,Broncos,Drew Lock,70,20.8,Home,76,8,15,5.5,-,-,-,-1.2,13.1,,,,,,,,,,
382,Broncos,Drew Lock,70,30.2,Away,65,9,20.8,15,5.5,-,-,-,-1.2,13.1,,,,,,,,,
383,Broncos,Drew Lock,70,11,Away,69,10,30.2,20.8,15,5.5,-,-,-,-1.2,13.1,,,,,,,,
384,Broncos,Drew Lock,70,12.1,Home,86,11,11,30.2,20.8,15,5.5,-,-,-,-1.2,13.1,,,,,,,
385,Broncos,Drew Lock,70,-,Home,83,12,12.1,11,30.2,20.8,15,5.5,-,-,-,-1.2,13.1,,,,,,
386,Broncos,Drew Lock,70,12.9,Away,80,13,-,12.1,11,30.2,20.8,15,5.5,-,-,-,-1.2,13.1,,,,,
387,Broncos,Drew Lock,70,25.6,Away,80,14,12.9,-,12.1,11,30.2,20.8,15,5.5,-,-,-,-1.2,13.1,,,,
388,Broncos,Drew Lock,70,11,Home,77,15,25.6,12.9,-,12.1,11,30.2,20.8,15,5.5,-,-,-,-1.2,13.1,,,
389,Broncos,Drew Lock,70,16.1,Away,76,16,11,25.6,12.9,-,12.1,11,30.2,20.8,15,5.5,-,-,-,-1.2,13.1,,
390,Broncos,Drew Lock,70,24.3,Home,69,17,16.1,11,25.6,12.9,-,12.1,11,30.2,20.8,15,5.5,-,-,-,-1.2,13.1,
391,Chargers,Easton Stick,62,-,Away,63,1,,,,,,,,,,,,,,,,,
392,Chargers,Easton Stick,62,-,Home,80,2,-,,,,,,,,,,,,,,,,
393,Chargers,Easton Stick,62,-,Home,80,3,-,-,,,,,,,,,,,,,,,
394,Chargers,Easton Stick,62,-,Away,90,4,-,-,-,,,,,,,,,,,,,,
395,Chargers,Easton Stick,62,-,Away,83,5,-,-,-,-,,,,,,,,,,,,,
396,Chargers,Easton Stick,62,BYE,Bye,Bye,6,-,-,-,-,-,,,,,,,,,,,,
397,Chargers,Easton Stick,62,0,Home,70,7,BYE,-,-,-,-,-,,,,,,,,,,,
398,Chargers,Easton Stick,62,-,Away,87,8,0,BYE,-,-,-,-,-,,,,,,,,,,
399,Chargers,Easton Stick,62,-,Home,69,9,-,0,BYE,-,-,-,-,-,,,,,,,,,
400,Chargers,Easton Stick,62,-,Away,86,10,-,-,0,BYE,-,-,-,-,-,,,,,,,,
401,Chargers,Easton Stick,62,-,Home,72,11,-,-,-,0,BYE,-,-,-,-,-,,,,,,,
402,Chargers,Easton Stick,62,-,Away,77,12,-,-,-,-,0,BYE,-,-,-,-,-,,,,,,
403,Chargers,Easton Stick,62,-,Home,82,13,-,-,-,-,-,0,BYE,-,-,-,-,-,,,,,
404,Chargers,Easton Stick,62,-,Home,65,14,-,-,-,-,-,-,0,BYE,-,-,-,-,-,,,,
405,Chargers,Easton Stick,62,-,Away,69,15,-,-,-,-,-,-,-,0,BYE,-,-,-,-,-,,,
406,Chargers,Easton Stick,62,-,Home,87,16,-,-,-,-,-,-,-,-,0,BYE,-,-,-,-,-,,
407,Chargers,Easton Stick,62,-,Away,80,17,-,-,-,-,-,-,-,-,-,0,BYE,-,-,-,-,-,
408,Jaguars,Gardner Minshew II,70,20.8,Home,77,1,,,,,,,,,,,,,,,,,
409,Jaguars,Gardner Minshew II,70,25.5,Away,68,2,20.8,,,,,,,,,,,,,,,,
410,Jaguars,Gardner Minshew II,70,10.2,Home,86,3,25.5,20.8,,,,,,,,,,,,,,,
411,Jaguars,Gardner Minshew II,70,21.9,Away,63,4,10.2,25.5,20.8,,,,,,,,,,,,,,
412,Jaguars,Gardner Minshew II,70,19.8,Away,60,5,21.9,10.2,25.5,20.8,,,,,,,,,,,,,
413,Jaguars,Gardner Minshew II,70,18.1,Home,74,6,19.8,21.9,10.2,25.5,20.8,,,,,,,,,,,,
414,Jaguars,Gardner Minshew II,70,19,Away,76,7,18.1,19.8,21.9,10.2,25.5,20.8,,,,,,,,,,,
415,Jaguars,Gardner Minshew II,70,-,Bye,Bye,8,19,18.1,19.8,21.9,10.2,25.5,20.8,,,,,,,,,,
416,Jaguars,Gardner Minshew II,70,-,Home,60,9,-,19,18.1,19.8,21.9,10.2,25.5,20.8,,,,,,,,,
417,Jaguars,Gardner Minshew II,70,-,Away,79,10,-,-,19,18.1,19.8,21.9,10.2,25.5,20.8,,,,,,,,
418,Jaguars,Gardner Minshew II,70,-,Home,86,11,-,-,-,19,18.1,19.8,21.9,10.2,25.5,20.8,,,,,,,
419,Jaguars,Gardner Minshew II,70,-,Home,86,12,-,-,-,-,19,18.1,19.8,21.9,10.2,25.5,20.8,,,,,,
420,Jaguars,Gardner Minshew II,70,-,Away,84,13,-,-,-,-,-,19,18.1,19.8,21.9,10.2,25.5,20.8,,,,,
421,Jaguars,Gardner Minshew II,70,13.3,Home,68,14,-,-,-,-,-,-,19,18.1,19.8,21.9,10.2,25.5,20.8,,,,
422,Jaguars,Gardner Minshew II,70,15.9,Away,88,15,13.3,-,-,-,-,-,-,19,18.1,19.8,21.9,10.2,25.5,20.8,,,
423,Jaguars,Gardner Minshew II,70,-,Home,82,16,15.9,13.3,-,-,-,-,-,-,19,18.1,19.8,21.9,10.2,25.5,20.8,,
424,Jaguars,Gardner Minshew II,70,-,Away,77,17,-,15.9,13.3,-,-,-,-,-,-,19,18.1,19.8,21.9,10.2,25.5,20.8,
425,Browns,Garrett Gilbert,48,-,Away,88,1,,,,,,,,,,,,,,,,,
426,Browns,Garrett Gilbert,48,-,Home,63,2,-,,,,,,,,,,,,,,,,
427,Browns,Garrett Gilbert,48,-,Home,93,3,-,-,,,,,,,,,,,,,,,
428,Browns,Garrett Gilbert,48,-,Away,67,4,-,-,-,,,,,,,,,,,,,,
429,Browns,Garrett Gilbert,48,-,Home,77,5,-,-,-,-,,,,,,,,,,,,,
430,Browns,Garrett Gilbert,48,-,Away,86,6,-,-,-,-,-,,,,,,,,,,,,
431,Browns,Garrett Gilbert,48,-,Away,63,7,-,-,-,-,-,-,,,,,,,,,,,
432,Browns,Garrett Gilbert,48,-,Home,69,8,-,-,-,-,-,-,-,,,,,,,,,,
433,Browns,Garrett Gilbert,48,15.5,Bye,Bye,9,-,-,-,-,-,-,-,-,,,,,,,,,
434,Browns,Garrett Gilbert,48,-,Home,60,10,15.5,-,-,-,-,-,-,-,-,,,,,,,,
435,Browns,Garrett Gilbert,48,-,Home,72,11,-,15.5,-,-,-,-,-,-,-,-,,,,,,,
436,Browns,Garrett Gilbert,48,-,Away,70,12,-,-,15.5,-,-,-,-,-,-,-,-,,,,,,
437,Browns,Garrett Gilbert,48,-,Away,68,13,-,-,-,15.5,-,-,-,-,-,-,-,-,,,,,
438,Browns,Garrett Gilbert,48,-,Home,88,14,-,-,-,-,15.5,-,-,-,-,-,-,-,-,,,,
439,Browns,Garrett Gilbert,48,-,Away,79,15,-,-,-,-,-,15.5,-,-,-,-,-,-,-,-,,,
440,Browns,Garrett Gilbert,48,-,Away,72,16,-,-,-,-,-,-,15.5,-,-,-,-,-,-,-,-,,
441,Browns,Garrett Gilbert,48,0,Home,86,17,-,-,-,-,-,-,-,15.5,-,-,-,-,-,-,-,-,
442,Seahawks,Geno Smith,56,-,Away,65,1,,,,,,,,,,,,,,,,,
443,Seahawks,Geno Smith,56,-,Home,82,2,-,,,,,,,,,,,,,,,,
444,Seahawks,Geno Smith,56,-,Home,67,3,-,-,,,,,,,,,,,,,,,
445,Seahawks,Geno Smith,56,-,Away,86,4,-,-,-,,,,,,,,,,,,,,
446,Seahawks,Geno Smith,56,-,Home,84,5,-,-,-,-,,,,,,,,,,,,,
447,Seahawks,Geno Smith,56,BYE,Bye,Bye,6,-,-,-,-,-,,,,,,,,,,,,
448,Seahawks,Geno Smith,56,-,Away,73,7,BYE,-,-,-,-,-,,,,,,,,,,,
449,Seahawks,Geno Smith,56,-,Home,83,8,-,BYE,-,-,-,-,-,,,,,,,,,,
450,Seahawks,Geno Smith,56,-,Away,77,9,-,-,BYE,-,-,-,-,-,,,,,,,,,
451,Seahawks,Geno Smith,56,-,Away,90,10,-,-,-,BYE,-,-,-,-,-,,,,,,,,
452,Seahawks,Geno Smith,56,-,Home,73,11,-,-,-,-,BYE,-,-,-,-,-,,,,,,,
453,Seahawks,Geno Smith,56,-,Away,72,12,-,-,-,-,-,BYE,-,-,-,-,-,,,,,,
454,Seahawks,Geno Smith,56,-,Home,79,13,-,-,-,-,-,-,BYE,-,-,-,-,-,,,,,
455,Seahawks,Geno Smith,56,1.1,Home,72,14,-,-,-,-,-,-,-,BYE,-,-,-,-,-,,,,
456,Seahawks,Geno Smith,56,-,Away,93,15,1.1,-,-,-,-,-,-,-,BYE,-,-,-,-,-,,,
457,Seahawks,Geno Smith,56,-,Home,90,16,-,1.1,-,-,-,-,-,-,-,BYE,-,-,-,-,-,,
458,Seahawks,Geno Smith,56,-,Away,83,17,-,-,1.1,-,-,-,-,-,-,-,BYE,-,-,-,-,-,
459,Colts,Jacoby Brissett,71,0,Away,70,1,,,,,,,,,,,,,,,,,
460,Colts,Jacoby Brissett,71,-,Home,84,2,0,,,,,,,,,,,,,,,,
461,Colts,Jacoby Brissett,71,0.7,Home,72,3,-,0,,,,,,,,,,,,,,,
462,Colts,Jacoby Brissett,71,-,Away,82,4,0.7,-,0,,,,,,,,,,,,,,
463,Colts,Jacoby Brissett,71,-,Away,86,5,-,0.7,-,0,,,,,,,,,,,,,
464,Colts,Jacoby Brissett,71,-,Home,63,6,-,-,0.7,-,0,,,,,,,,,,,,
465,Colts,Jacoby Brissett,71,-,Bye,Bye,7,-,-,-,0.7,-,0,,,,,,,,,,,
466,Colts,Jacoby Brissett,71,BYE,Away,74,8,-,-,-,-,0.7,-,0,,,,,,,,,,
467,Colts,Jacoby Brissett,71,0,Home,88,9,BYE,-,-,-,-,0.7,-,0,,,,,,,,,
468,Colts,Jacoby Brissett,71,6.2,Away,68,10,0,BYE,-,-,-,-,0.7,-,0,,,,,,,,
469,Colts,Jacoby Brissett,71,0.9,Home,79,11,6.2,0,BYE,-,-,-,-,0.7,-,0,,,,,,,
470,Colts,Jacoby Brissett,71,12.3,Home,68,12,0.9,6.2,0,BYE,-,-,-,-,0.7,-,0,,,,,,
471,Colts,Jacoby Brissett,71,0.1,Away,60,13,12.3,0.9,6.2,0,BYE,-,-,-,-,0.7,-,0,,,,,
472,Colts,Jacoby Brissett,71,-0.2,Away,69,14,0.1,12.3,0.9,6.2,0,BYE,-,-,-,-,0.7,-,0,,,,
473,Colts,Jacoby Brissett,71,0.2,Home,60,15,-0.2,0.1,12.3,0.9,6.2,0,BYE,-,-,-,-,0.7,-,0,,,
474,Colts,Jacoby Brissett,71,0.1,Away,86,16,0.2,-0.2,0.1,12.3,0.9,6.2,0,BYE,-,-,-,-,0.7,-,0,,
475,Colts,Jacoby Brissett,71,0.3,Home,70,17,0.1,0.2,-0.2,0.1,12.3,0.9,6.2,0,BYE,-,-,-,-,0.7,-,0,
476,Jaguars,Jake Luton,59,-,Home,77,1,,,,,,,,,,,,,,,,,
477,Jaguars,Jake Luton,59,-,Away,68,2,-,,,,,,,,,,,,,,,,
478,Jaguars,Jake Luton,59,-,Home,86,3,-,-,,,,,,,,,,,,,,,
479,Jaguars,Jake Luton,59,-,Away,63,4,-,-,-,,,,,,,,,,,,,,
480,Jaguars,Jake Luton,59,-,Away,60,5,-,-,-,-,,,,,,,,,,,,,
481,Jaguars,Jake Luton,59,-,Home,74,6,-,-,-,-,-,,,,,,,,,,,,
482,Jaguars,Jake Luton,59,-,Away,76,7,-,-,-,-,-,-,,,,,,,,,,,
483,Jaguars,Jake Luton,59,-,Bye,Bye,8,-,-,-,-,-,-,-,,,,,,,,,,
484,Jaguars,Jake Luton,59,22.5,Home,60,9,-,-,-,-,-,-,-,-,,,,,,,,,
485,Jaguars,Jake Luton,59,9.8,Away,79,10,22.5,-,-,-,-,-,-,-,-,,,,,,,,
486,Jaguars,Jake Luton,59,2,Home,86,11,9.8,22.5,-,-,-,-,-,-,-,-,,,,,,,
487,Jaguars,Jake Luton,59,-,Home,86,12,2,9.8,22.5,-,-,-,-,-,-,-,-,,,,,,
488,Jaguars,Jake Luton,59,BYE,Away,84,13,-,2,9.8,22.5,-,-,-,-,-,-,-,-,,,,,
489,Jaguars,Jake Luton,59,-,Home,68,14,BYE,-,2,9.8,22.5,-,-,-,-,-,-,-,-,,,,
490,Jaguars,Jake Luton,59,-,Away,88,15,-,BYE,-,2,9.8,22.5,-,-,-,-,-,-,-,-,,,
491,Jaguars,Jake Luton,59,-,Home,82,16,-,-,BYE,-,2,9.8,22.5,-,-,-,-,-,-,-,-,,
492,Jaguars,Jake Luton,59,-,Away,77,17,-,-,-,BYE,-,2,9.8,22.5,-,-,-,-,-,-,-,-,
493,Eagles,Jalen Hurts,68,-,Away,93,1,,,,,,,,,,,,,,,,,
494,Eagles,Jalen Hurts,68,0,Home,90,2,-,,,,,,,,,,,,,,,,
495,Eagles,Jalen Hurts,68,0.5,Home,63,3,0,-,,,,,,,,,,,,,,,
496,Eagles,Jalen Hurts,68,1.8,Away,83,4,0.5,0,-,,,,,,,,,,,,,,
497,Eagles,Jalen Hurts,68,0.7,Away,86,5,1.8,0.5,0,-,,,,,,,,,,,,,
498,Eagles,Jalen Hurts,68,2.6,Home,88,6,0.7,1.8,0.5,0,-,,,,,,,,,,,,
499,Eagles,Jalen Hurts,68,0.2,Home,79,7,2.6,0.7,1.8,0.5,0,-,,,,,,,,,,,
500,Eagles,Jalen Hurts,68,0.4,Home,67,8,0.2,2.6,0.7,1.8,0.5,0,-,,,,,,,,,,
501,Eagles,Jalen Hurts,68,BYE,Bye,Bye,9,0.4,0.2,2.6,0.7,1.8,0.5,0,-,,,,,,,,,
502,Eagles,Jalen Hurts,68,-0.1,Away,79,10,BYE,0.4,0.2,2.6,0.7,1.8,0.5,0,-,,,,,,,,
503,Eagles,Jalen Hurts,68,0.6,Away,86,11,-0.1,BYE,0.4,0.2,2.6,0.7,1.8,0.5,0,-,,,,,,,
504,Eagles,Jalen Hurts,68,0.2,Home,70,12,0.6,-0.1,BYE,0.4,0.2,2.6,0.7,1.8,0.5,0,-,,,,,,
505,Eagles,Jalen Hurts,68,10.3,Away,79,13,0.2,0.6,-0.1,BYE,0.4,0.2,2.6,0.7,1.8,0.5,0,-,,,,,
506,Eagles,Jalen Hurts,68,19.3,Home,83,14,10.3,0.2,0.6,-0.1,BYE,0.4,0.2,2.6,0.7,1.8,0.5,0,-,,,,
507,Eagles,Jalen Hurts,68,37.8,Away,73,15,19.3,10.3,0.2,0.6,-0.1,BYE,0.4,0.2,2.6,0.7,1.8,0.5,0,-,,,
508,Eagles,Jalen Hurts,68,20.6,Away,67,16,37.8,19.3,10.3,0.2,0.6,-0.1,BYE,0.4,0.2,2.6,0.7,1.8,0.5,0,-,,
509,Eagles,Jalen Hurts,68,17.3,Home,93,17,20.6,37.8,19.3,10.3,0.2,0.6,-0.1,BYE,0.4,0.2,2.6,0.7,1.8,0.5,0,-,
510,Saints,Jameis Winston,76,-,Home,90,1,,,,,,,,,,,,,,,,,
511,Saints,Jameis Winston,76,-,Away,69,2,-,,,,,,,,,,,,,,,,
512,Saints,Jameis Winston,76,-,Home,79,3,-,-,,,,,,,,,,,,,,,
513,Saints,Jameis Winston,76,-,Away,74,4,-,-,-,,,,,,,,,,,,,,
514,Saints,Jameis Winston,76,-,Home,76,5,-,-,-,-,,,,,,,,,,,,,
515,Saints,Jameis Winston,76,BYE,Bye,Bye,6,-,-,-,-,-,,,,,,,,,,,,
516,Saints,Jameis Winston,76,-,Home,80,7,BYE,-,-,-,-,-,,,,,,,,,,,
517,Saints,Jameis Winston,76,-,Away,82,8,-,BYE,-,-,-,-,-,,,,,,,,,,
518,Saints,Jameis Winston,76,0.2,Away,90,9,-,-,BYE,-,-,-,-,-,,,,,,,,,
519,Saints,Jameis Winston,76,2.3,Home,83,10,0.2,-,-,BYE,-,-,-,-,-,,,,,,,,
520,Saints,Jameis Winston,76,-,Home,65,11,2.3,0.2,-,-,BYE,-,-,-,-,-,,,,,,,
521,Saints,Jameis Winston,76,0,Away,87,12,-,2.3,0.2,-,-,BYE,-,-,-,-,-,,,,,,
522,Saints,Jameis Winston,76,-,Away,65,13,0,-,2.3,0.2,-,-,BYE,-,-,-,-,-,,,,,
523,Saints,Jameis Winston,76,-,Away,72,14,-,0,-,2.3,0.2,-,-,BYE,-,-,-,-,-,,,,
524,Saints,Jameis Winston,76,-,Home,80,15,-,-,0,-,2.3,0.2,-,-,BYE,-,-,-,-,-,,,
525,Saints,Jameis Winston,76,-,Home,84,16,-,-,-,0,-,2.3,0.2,-,-,BYE,-,-,-,-,-,,
526,Saints,Jameis Winston,76,-0.1,Away,80,17,-,-,-,-,0,-,2.3,0.2,-,-,BYE,-,-,-,-,-,
527,Rams,Jared Goff,76,11.5,Home,67,1,,,,,,,,,,,,,,,,,
528,Rams,Jared Goff,76,24,Away,72,2,11.5,,,,,,,,,,,,,,,,
529,Rams,Jared Goff,76,28.2,Away,77,3,24,11.5,,,,,,,,,,,,,,,
530,Rams,Jared Goff,76,11.7,Home,79,4,28.2,24,11.5,,,,,,,,,,,,,,
531,Rams,Jared Goff,76,25.4,Away,93,5,11.7,28.2,24,11.5,,,,,,,,,,,,,
532,Rams,Jared Goff,76,15.9,Away,83,6,25.4,11.7,28.2,24,11.5,,,,,,,,,,,,
533,Rams,Jared Goff,76,16.9,Home,82,7,15.9,25.4,11.7,28.2,24,11.5,,,,,,,,,,,
534,Rams,Jared Goff,76,12.2,Away,86,8,16.9,15.9,25.4,11.7,28.2,24,11.5,,,,,,,,,,
535,Rams,Jared Goff,76,-,Bye,Bye,9,12.2,16.9,15.9,25.4,11.7,28.2,24,11.5,,,,,,,,,
536,Rams,Jared Goff,76,10.5,Home,70,10,-,12.2,16.9,15.9,25.4,11.7,28.2,24,11.5,,,,,,,,
537,Rams,Jared Goff,76,25,Away,90,11,10.5,-,12.2,16.9,15.9,25.4,11.7,28.2,24,11.5,,,,,,,
538,Rams,Jared Goff,76,5,Home,83,12,25,10.5,-,12.2,16.9,15.9,25.4,11.7,28.2,24,11.5,,,,,,
539,Rams,Jared Goff,76,24.1,Away,73,13,5,25,10.5,-,12.2,16.9,15.9,25.4,11.7,28.2,24,11.5,,,,,
540,Rams,Jared Goff,76,15.6,Home,82,14,24.1,5,25,10.5,-,12.2,16.9,15.9,25.4,11.7,28.2,24,11.5,,,,
541,Rams,Jared Goff,76,16.3,Home,72,15,15.6,24.1,5,25,10.5,-,12.2,16.9,15.9,25.4,11.7,28.2,24,11.5,,,
542,Rams,Jared Goff,76,10.7,Away,70,16,16.3,15.6,24.1,5,25,10.5,-,12.2,16.9,15.9,25.4,11.7,28.2,24,11.5,,
543,Rams,Jared Goff,76,-,Home,73,17,10.7,16.3,15.6,24.1,5,25,10.5,-,12.2,16.9,15.9,25.4,11.7,28.2,24,11.5,
544,Patriots,Jarrett Stidham,61,-,Home,86,1,,,,,,,,,,,,,,,,,
545,Patriots,Jarrett Stidham,61,-,Away,70,2,-,,,,,,,,,,,,,,,,
546,Patriots,Jarrett Stidham,61,-,Home,69,3,-,-,,,,,,,,,,,,,,,
547,Patriots,Jarrett Stidham,61,4.7,Away,80,4,-,-,-,,,,,,,,,,,,,,
548,Patriots,Jarrett Stidham,61,BYE,Bye,Bye,5,4.7,-,-,-,,,,,,,,,,,,,
549,Patriots,Jarrett Stidham,61,-,Home,87,6,BYE,4.7,-,-,-,,,,,,,,,,,,
550,Patriots,Jarrett Stidham,61,1.9,Home,83,7,-,BYE,4.7,-,-,-,,,,,,,,,,,
551,Patriots,Jarrett Stidham,61,-,Away,77,8,1.9,-,BYE,4.7,-,-,-,,,,,,,,,,
552,Patriots,Jarrett Stidham,61,-,Away,72,9,-,1.9,-,BYE,4.7,-,-,-,,,,,,,,,
553,Patriots,Jarrett Stidham,61,-,Home,88,10,-,-,1.9,-,BYE,4.7,-,-,-,,,,,,,,
554,Patriots,Jarrett Stidham,61,-,Away,60,11,-,-,-,1.9,-,BYE,4.7,-,-,-,,,,,,,
555,Patriots,Jarrett Stidham,61,-,Home,73,12,-,-,-,-,1.9,-,BYE,4.7,-,-,-,,,,,,
556,Patriots,Jarrett Stidham,61,6.2,Away,76,13,-,-,-,-,-,1.9,-,BYE,4.7,-,-,-,,,,,
557,Patriots,Jarrett Stidham,61,1.4,Away,90,14,6.2,-,-,-,-,-,1.9,-,BYE,4.7,-,-,-,,,,
558,Patriots,Jarrett Stidham,61,-,Away,86,15,1.4,6.2,-,-,-,-,-,1.9,-,BYE,4.7,-,-,-,,,
559,Patriots,Jarrett Stidham,61,1.8,Home,77,16,-,1.4,6.2,-,-,-,-,-,1.9,-,BYE,4.7,-,-,-,,
560,Patriots,Jarrett Stidham,61,-,Home,72,17,1.8,-,1.4,6.2,-,-,-,-,-,1.9,-,BYE,4.7,-,-,-,
561,Broncos,Jeff Driskel,61,-,Home,68,1,,,,,,,,,,,,,,,,,
562,Broncos,Jeff Driskel,61,19.7,Away,86,2,-,,,,,,,,,,,,,,,,
563,Broncos,Jeff Driskel,61,11.4,Home,90,3,19.7,-,,,,,,,,,,,,,,,
564,Broncos,Jeff Driskel,61,0.9,Away,72,4,11.4,19.7,-,,,,,,,,,,,,,,
565,Broncos,Jeff Driskel,61,-,Bye,Bye,5,0.9,11.4,19.7,-,,,,,,,,,,,,,
566,Broncos,Jeff Driskel,61,-,Away,82,6,-,0.9,11.4,19.7,-,,,,,,,,,,,,
567,Broncos,Jeff Driskel,61,-,Home,80,7,-,-,0.9,11.4,19.7,-,,,,,,,,,,,
568,Broncos,Jeff Driskel,61,BYE,Home,76,8,-,-,-,0.9,11.4,19.7,-,,,,,,,,,,
569,Broncos,Jeff Driskel,61,-,Away,65,9,BYE,-,-,-,0.9,11.4,19.7,-,,,,,,,,,
570,Broncos,Jeff Driskel,61,-,Away,69,10,-,BYE,-,-,-,0.9,11.4,19.7,-,,,,,,,,
571,Broncos,Jeff Driskel,61,-,Home,86,11,-,-,BYE,-,-,-,0.9,11.4,19.7,-,,,,,,,
572,Broncos,Jeff Driskel,61,-,Home,83,12,-,-,-,BYE,-,-,-,0.9,11.4,19.7,-,,,,,,
573,Broncos,Jeff Driskel,61,-,Away,80,13,-,-,-,-,BYE,-,-,-,0.9,11.4,19.7,-,,,,,
574,Broncos,Jeff Driskel,61,-,Away,80,14,-,-,-,-,-,BYE,-,-,-,0.9,11.4,19.7,-,,,,
575,Broncos,Jeff Driskel,61,-,Home,77,15,-,-,-,-,-,-,BYE,-,-,-,0.9,11.4,19.7,-,,,
576,Broncos,Jeff Driskel,61,-,Away,76,16,-,-,-,-,-,-,-,BYE,-,-,-,0.9,11.4,19.7,-,,
577,Broncos,Jeff Driskel,61,-,Home,69,17,-,-,-,-,-,-,-,-,BYE,-,-,-,0.9,11.4,19.7,-,
578,49ers,Jimmy Garoppolo,83,19.3,Home,73,1,,,,,,,,,,,,,,,,,
579,49ers,Jimmy Garoppolo,83,13.2,Away,72,2,19.3,,,,,,,,,,,,,,,,
580,49ers,Jimmy Garoppolo,83,-,Away,79,3,13.2,19.3,,,,,,,,,,,,,,,
581,49ers,Jimmy Garoppolo,83,-,Home,72,4,-,13.2,19.3,,,,,,,,,,,,,,
582,49ers,Jimmy Garoppolo,83,1.1,Home,86,5,-,-,13.2,19.3,,,,,,,,,,,,,
583,49ers,Jimmy Garoppolo,83,23.5,Home,90,6,1.1,-,-,13.2,19.3,,,,,,,,,,,,
584,49ers,Jimmy Garoppolo,83,9.5,Away,82,7,23.5,1.1,-,-,13.2,19.3,,,,,,,,,,,
585,49ers,Jimmy Garoppolo,83,2.8,Away,70,8,9.5,23.5,1.1,-,-,13.2,19.3,,,,,,,,,,
586,49ers,Jimmy Garoppolo,83,-,Home,79,9,2.8,9.5,23.5,1.1,-,-,13.2,19.3,,,,,,,,,
587,49ers,Jimmy Garoppolo,83,-,Away,83,10,-,2.8,9.5,23.5,1.1,-,-,13.2,19.3,,,,,,,,
588,49ers,Jimmy Garoppolo,83,-,Bye,Bye,11,-,-,2.8,9.5,23.5,1.1,-,-,13.2,19.3,,,,,,,
589,49ers,Jimmy Garoppolo,83,-,Away,90,12,-,-,-,2.8,9.5,23.5,1.1,-,-,13.2,19.3,,,,,,
590,49ers,Jimmy Garoppolo,83,-,Home,77,13,-,-,-,-,2.8,9.5,23.5,1.1,-,-,13.2,19.3,,,,,
591,49ers,Jimmy Garoppolo,83,-,Home,93,14,-,-,-,-,-,2.8,9.5,23.5,1.1,-,-,13.2,19.3,,,,
592,49ers,Jimmy Garoppolo,83,-,Away,67,15,-,-,-,-,-,-,2.8,9.5,23.5,1.1,-,-,13.2,19.3,,,
593,49ers,Jimmy Garoppolo,83,-,Away,73,16,-,-,-,-,-,-,-,2.8,9.5,23.5,1.1,-,-,13.2,19.3,,
594,49ers,Jimmy Garoppolo,83,-,Home,70,17,-,-,-,-,-,-,-,-,2.8,9.5,23.5,1.1,-,-,13.2,19.3,
595,Bengals,Joe Burrow,76,17.3,Home,76,1,,,,,,,,,,,,,,,,,
596,Bengals,Joe Burrow,76,24.5,Away,86,2,17.3,,,,,,,,,,,,,,,,
597,Bengals,Joe Burrow,76,20.4,Away,72,3,24.5,17.3,,,,,,,,,,,,,,,
598,Bengals,Joe Burrow,76,16.1,Home,70,4,20.4,24.5,17.3,,,,,,,,,,,,,,
599,Bengals,Joe Burrow,76,5.3,Away,88,5,16.1,20.4,24.5,17.3,,,,,,,,,,,,,
600,Bengals,Joe Burrow,76,17.7,Away,77,6,5.3,16.1,20.4,24.5,17.3,,,,,,,,,,,,
601,Bengals,Joe Burrow,76,34.6,Home,86,7,17.7,5.3,16.1,20.4,24.5,17.3,,,,,,,,,,,
602,Bengals,Joe Burrow,76,18.9,Home,68,8,34.6,17.7,5.3,16.1,20.4,24.5,17.3,,,,,,,,,,
603,Bengals,Joe Burrow,76,BYE,Bye,Bye,9,18.9,34.6,17.7,5.3,16.1,20.4,24.5,17.3,,,,,,,,,
604,Bengals,Joe Burrow,76,12.5,Away,86,10,BYE,18.9,34.6,17.7,5.3,16.1,20.4,24.5,17.3,,,,,,,,
605,Bengals,Joe Burrow,76,11.3,Away,93,11,12.5,BYE,18.9,34.6,17.7,5.3,16.1,20.4,24.5,17.3,,,,,,,
606,Bengals,Joe Burrow,76,-,Home,79,12,11.3,12.5,BYE,18.9,34.6,17.7,5.3,16.1,20.4,24.5,17.3,,,,,,
607,Bengals,Joe Burrow,76,-,Away,86,13,-,11.3,12.5,BYE,18.9,34.6,17.7,5.3,16.1,20.4,24.5,17.3,,,,,
608,Bengals,Joe Burrow,76,-,Home,67,14,-,-,11.3,12.5,BYE,18.9,34.6,17.7,5.3,16.1,20.4,24.5,17.3,,,,
609,Bengals,Joe Burrow,76,-,Home,86,15,-,-,-,11.3,12.5,BYE,18.9,34.6,17.7,5.3,16.1,20.4,24.5,17.3,,,
610,Bengals,Joe Burrow,76,-,Away,60,16,-,-,-,-,11.3,12.5,BYE,18.9,34.6,17.7,5.3,16.1,20.4,24.5,17.3,,
611,Bengals,Joe Burrow,76,-,Home,88,17,-,-,-,-,-,11.3,12.5,BYE,18.9,34.6,17.7,5.3,16.1,20.4,24.5,17.3,
612,Jets,Joe Flacco,69,-,Away,77,1,,,,,,,,,,,,,,,,,
613,Jets,Joe Flacco,69,-,Home,83,2,-,,,,,,,,,,,,,,,,
614,Jets,Joe Flacco,69,-,Away,77,3,-,-,,,,,,,,,,,,,,,
615,Jets,Joe Flacco,69,0.6,Home,87,4,-,-,-,,,,,,,,,,,,,,
616,Jets,Joe Flacco,69,13.8,Home,73,5,0.6,-,-,-,,,,,,,,,,,,,
617,Jets,Joe Flacco,69,6.4,Away,86,6,13.8,0.6,-,-,-,,,,,,,,,,,,
618,Jets,Joe Flacco,69,-,Home,77,7,6.4,13.8,0.6,-,-,-,,,,,,,,,,,
619,Jets,Joe Flacco,69,-,Away,80,8,-,6.4,13.8,0.6,-,-,-,,,,,,,,,,
620,Jets,Joe Flacco,69,21.5,Home,82,9,-,-,6.4,13.8,0.6,-,-,-,,,,,,,,,
621,Jets,Joe Flacco,69,-,Bye,Bye,10,21.5,-,-,6.4,13.8,0.6,-,-,-,,,,,,,,
622,Jets,Joe Flacco,69,15.4,Away,76,11,-,21.5,-,-,6.4,13.8,0.6,-,-,-,,,,,,,
623,Jets,Joe Flacco,69,-,Home,86,12,15.4,-,21.5,-,-,6.4,13.8,0.6,-,-,-,,,,,,
624,Jets,Joe Flacco,69,-,Home,69,13,-,15.4,-,21.5,-,-,6.4,13.8,0.6,-,-,-,,,,,
625,Jets,Joe Flacco,69,-,Away,70,14,-,-,15.4,-,21.5,-,-,6.4,13.8,0.6,-,-,-,,,,
626,Jets,Joe Flacco,69,-,Away,90,15,-,-,-,15.4,-,21.5,-,-,6.4,13.8,0.6,-,-,-,,,
627,Jets,Joe Flacco,69,-,Home,86,16,-,-,-,-,15.4,-,21.5,-,-,6.4,13.8,0.6,-,-,-,,
628,Jets,Joe Flacco,69,-,Away,82,17,-,-,-,-,-,15.4,-,21.5,-,-,6.4,13.8,0.6,-,-,-,
629,Rams,John Wolford,55,-,Home,67,1,,,,,,,,,,,,,,,,,
630,Rams,John Wolford,55,-,Away,72,2,-,,,,,,,,,,,,,,,,
631,Rams,John Wolford,55,-,Away,77,3,-,-,,,,,,,,,,,,,,,
632,Rams,John Wolford,55,-,Home,79,4,-,-,-,,,,,,,,,,,,,,
633,Rams,John Wolford,55,-,Away,93,5,-,-,-,-,,,,,,,,,,,,,
634,Rams,John Wolford,55,-,Away,83,6,-,-,-,-,-,,,,,,,,,,,,
635,Rams,John Wolford,55,-,Home,82,7,-,-,-,-,-,-,,,,,,,,,,,
636,Rams,John Wolford,55,-,Away,86,8,-,-,-,-,-,-,-,,,,,,,,,,
637,Rams,John Wolford,55,-,Bye,Bye,9,-,-,-,-,-,-,-,-,,,,,,,,,
638,Rams,John Wolford,55,-,Home,70,10,-,-,-,-,-,-,-,-,-,,,,,,,,
639,Rams,John Wolford,55,-,Away,90,11,-,-,-,-,-,-,-,-,-,-,,,,,,,
640,Rams,John Wolford,55,-,Home,83,12,-,-,-,-,-,-,-,-,-,-,-,,,,,,
641,Rams,John Wolford,55,BYE,Away,73,13,-,-,-,-,-,-,-,-,-,-,-,-,,,,,
642,Rams,John Wolford,55,-,Home,82,14,BYE,-,-,-,-,-,-,-,-,-,-,-,-,,,,
643,Rams,John Wolford,55,-,Home,72,15,-,BYE,-,-,-,-,-,-,-,-,-,-,-,-,,,
644,Rams,John Wolford,55,-,Away,70,16,-,-,BYE,-,-,-,-,-,-,-,-,-,-,-,-,,
645,Rams,John Wolford,55,13.8,Home,73,17,-,-,-,BYE,-,-,-,-,-,-,-,-,-,-,-,-,
646,Bills,Josh Allen,77,28.2,Home,72,1,,,,,,,,,,,,,,,,,
647,Bills,Josh Allen,77,34.5,Away,86,2,28.2,,,,,,,,,,,,,,,,
648,Bills,Josh Allen,77,32.2,Home,90,3,34.5,28.2,,,,,,,,,,,,,,,
649,Bills,Josh Allen,77,25.4,Away,69,4,32.2,34.5,28.2,,,,,,,,,,,,,,
650,Bills,Josh Allen,77,18.3,Away,68,5,25.4,32.2,34.5,28.2,,,,,,,,,,,,,
651,Bills,Josh Allen,77,16.1,Home,80,6,18.3,25.4,32.2,34.5,28.2,,,,,,,,,,,,
652,Bills,Josh Allen,77,16.4,Away,72,7,16.1,18.3,25.4,32.2,34.5,28.2,,,,,,,,,,,
653,Bills,Josh Allen,77,13.5,Home,82,8,16.4,16.1,18.3,25.4,32.2,34.5,28.2,,,,,,,,,,
654,Bills,Josh Allen,77,36,Home,70,9,13.5,16.4,16.1,18.3,25.4,32.2,34.5,28.2,,,,,,,,,
655,Bills,Josh Allen,77,28.4,Away,73,10,36,13.5,16.4,16.1,18.3,25.4,32.2,34.5,28.2,,,,,,,,
656,Bills,Josh Allen,77,BYE,Bye,Bye,11,28.4,36,13.5,16.4,16.1,18.3,25.4,32.2,34.5,28.2,,,,,,,
657,Bills,Josh Allen,77,16.5,Home,76,12,BYE,28.4,36,13.5,16.4,16.1,18.3,25.4,32.2,34.5,28.2,,,,,,
658,Bills,Josh Allen,77,30.1,Away,83,13,16.5,BYE,28.4,36,13.5,16.4,16.1,18.3,25.4,32.2,34.5,28.2,,,,,
659,Bills,Josh Allen,77,19.3,Home,86,14,30.1,16.5,BYE,28.4,36,13.5,16.4,16.1,18.3,25.4,32.2,34.5,28.2,,,,
660,Bills,Josh Allen,77,37.7,Away,87,15,19.3,30.1,16.5,BYE,28.4,36,13.5,16.4,16.1,18.3,25.4,32.2,34.5,28.2,,,
661,Bills,Josh Allen,77,32.3,Away,82,16,37.7,19.3,30.1,16.5,BYE,28.4,36,13.5,16.4,16.1,18.3,25.4,32.2,34.5,28.2,,
662,Bills,Josh Allen,77,20.3,Home,86,17,32.3,37.7,19.3,30.1,16.5,BYE,28.4,36,13.5,16.4,16.1,18.3,25.4,32.2,34.5,28.2,
663,Jaguars,Joshua Dobbs,62,-,Home,77,1,,,,,,,,,,,,,,,,,
664,Jaguars,Joshua Dobbs,62,-,Away,68,2,-,,,,,,,,,,,,,,,,
665,Jaguars,Joshua Dobbs,62,-,Home,86,3,-,-,,,,,,,,,,,,,,,
666,Jaguars,Joshua Dobbs,62,-,Away,63,4,-,-,-,,,,,,,,,,,,,,
667,Jaguars,Joshua Dobbs,62,-,Away,60,5,-,-,-,-,,,,,,,,,,,,,
668,Jaguars,Joshua Dobbs,62,-,Home,74,6,-,-,-,-,-,,,,,,,,,,,,
669,Jaguars,Joshua Dobbs,62,BYE,Away,76,7,-,-,-,-,-,-,,,,,,,,,,,
670,Jaguars,Joshua Dobbs,62,-,Bye,Bye,8,BYE,-,-,-,-,-,-,,,,,,,,,,
671,Jaguars,Joshua Dobbs,62,-,Home,60,9,-,BYE,-,-,-,-,-,-,,,,,,,,,
672,Jaguars,Joshua Dobbs,62,-,Away,79,10,-,-,BYE,-,-,-,-,-,-,,,,,,,,
673,Jaguars,Joshua Dobbs,62,-,Home,86,11,-,-,-,BYE,-,-,-,-,-,-,,,,,,,
674,Jaguars,Joshua Dobbs,62,-,Home,86,12,-,-,-,-,BYE,-,-,-,-,-,-,,,,,,
675,Jaguars,Joshua Dobbs,62,-,Away,84,13,-,-,-,-,-,BYE,-,-,-,-,-,-,,,,,
676,Jaguars,Joshua Dobbs,62,-,Home,68,14,-,-,-,-,-,-,BYE,-,-,-,-,-,-,,,,
677,Jaguars,Joshua Dobbs,62,-,Away,88,15,-,-,-,-,-,-,-,BYE,-,-,-,-,-,-,,,
678,Jaguars,Joshua Dobbs,62,-,Home,82,16,-,-,-,-,-,-,-,-,BYE,-,-,-,-,-,-,,
679,Jaguars,Joshua Dobbs,62,2.1,Away,77,17,-,-,-,-,-,-,-,-,-,BYE,-,-,-,-,-,-,
680,Chargers,Justin Herbert,70,-,Away,63,1,,,,,,,,,,,,,,,,,
681,Chargers,Justin Herbert,70,23.2,Home,80,2,-,,,,,,,,,,,,,,,,
682,Chargers,Justin Herbert,70,15.7,Home,80,3,23.2,-,,,,,,,,,,,,,,,
683,Chargers,Justin Herbert,70,24,Away,90,4,15.7,23.2,-,,,,,,,,,,,,,,
684,Chargers,Justin Herbert,70,27.4,Away,83,5,24,15.7,23.2,-,,,,,,,,,,,,,
685,Chargers,Justin Herbert,70,BYE,Bye,Bye,6,27.4,24,15.7,23.2,-,,,,,,,,,,,,
686,Chargers,Justin Herbert,70,38.5,Home,70,7,BYE,27.4,24,15.7,23.2,-,,,,,,,,,,,
687,Chargers,Justin Herbert,70,23.2,Away,87,8,38.5,BYE,27.4,24,15.7,23.2,-,,,,,,,,,,
688,Chargers,Justin Herbert,70,23.4,Home,69,9,23.2,38.5,BYE,27.4,24,15.7,23.2,-,,,,,,,,,
689,Chargers,Justin Herbert,70,21.5,Away,86,10,23.4,23.2,38.5,BYE,27.4,24,15.7,23.2,-,,,,,,,,
690,Chargers,Justin Herbert,70,27.7,Home,72,11,21.5,23.4,23.2,38.5,BYE,27.4,24,15.7,23.2,-,,,,,,,
691,Chargers,Justin Herbert,70,17.4,Away,77,12,27.7,21.5,23.4,23.2,38.5,BYE,27.4,24,15.7,23.2,-,,,,,,
692,Chargers,Justin Herbert,70,6.4,Home,82,13,17.4,27.7,21.5,23.4,23.2,38.5,BYE,27.4,24,15.7,23.2,-,,,,,
693,Chargers,Justin Herbert,70,16.7,Home,65,14,6.4,17.4,27.7,21.5,23.4,23.2,38.5,BYE,27.4,24,15.7,23.2,-,,,,
694,Chargers,Justin Herbert,70,28,Away,69,15,16.7,6.4,17.4,27.7,21.5,23.4,23.2,38.5,BYE,27.4,24,15.7,23.2,-,,,
695,Chargers,Justin Herbert,70,16.7,Home,87,16,28,16.7,6.4,17.4,27.7,21.5,23.4,23.2,38.5,BYE,27.4,24,15.7,23.2,-,,
696,Chargers,Justin Herbert,70,33,Away,80,17,16.7,28,16.7,6.4,17.4,27.7,21.5,23.4,23.2,38.5,BYE,27.4,24,15.7,23.2,-,
697,Vikings,Kirk Cousins,82,22.8,Home,79,1,,,,,,,,,,,,,,,,,
698,Vikings,Kirk Cousins,82,1.5,Away,77,2,22.8,,,,,,,,,,,,,,,,
699,Vikings,Kirk Cousins,82,21.4,Home,68,3,1.5,22.8,,,,,,,,,,,,,,,
700,Vikings,Kirk Cousins,82,14.9,Away,60,4,21.4,1.5,22.8,,,,,,,,,,,,,,
701,Vikings,Kirk Cousins,82,15.2,Away,70,5,14.9,21.4,1.5,22.8,,,,,,,,,,,,,
702,Vikings,Kirk Cousins,82,26.7,Home,65,6,15.2,14.9,21.4,1.5,22.8,,,,,,,,,,,,
703,Vikings,Kirk Cousins,82,BYE,Bye,Bye,7,26.7,15.2,14.9,21.4,1.5,22.8,,,,,,,,,,,
704,Vikings,Kirk Cousins,82,10.4,Away,79,8,BYE,26.7,15.2,14.9,21.4,1.5,22.8,,,,,,,,,,
705,Vikings,Kirk Cousins,82,20.8,Home,74,9,10.4,BYE,26.7,15.2,14.9,21.4,1.5,22.8,,,,,,,,,
706,Vikings,Kirk Cousins,82,18.6,Away,82,10,20.8,10.4,BYE,26.7,15.2,14.9,21.4,1.5,22.8,,,,,,,,
707,Vikings,Kirk Cousins,82,23,Home,67,11,18.6,20.8,10.4,BYE,26.7,15.2,14.9,21.4,1.5,22.8,,,,,,,
708,Vikings,Kirk Cousins,82,26.2,Home,80,12,23,18.6,20.8,10.4,BYE,26.7,15.2,14.9,21.4,1.5,22.8,,,,,,
709,Vikings,Kirk Cousins,82,22.4,Home,70,13,26.2,23,18.6,20.8,10.4,BYE,26.7,15.2,14.9,21.4,1.5,22.8,,,,,
710,Vikings,Kirk Cousins,82,17.1,Away,90,14,22.4,26.2,23,18.6,20.8,10.4,BYE,26.7,15.2,14.9,21.4,1.5,22.8,,,,
711,Vikings,Kirk Cousins,82,20.3,Home,82,15,17.1,22.4,26.2,23,18.6,20.8,10.4,BYE,26.7,15.2,14.9,21.4,1.5,22.8,,,
712,Vikings,Kirk Cousins,82,23.6,Away,83,16,20.3,17.1,22.4,26.2,23,18.6,20.8,10.4,BYE,26.7,15.2,14.9,21.4,1.5,22.8,,
713,Vikings,Kirk Cousins,82,34.3,Away,74,17,23.6,20.3,17.1,22.4,26.2,23,18.6,20.8,10.4,BYE,26.7,15.2,14.9,21.4,1.5,22.8,
714,Redskins,Kyle Allen,65,-,Home,72,1,,,,,,,,,,,,,,,,,
715,Redskins,Kyle Allen,65,-,Away,73,2,-,,,,,,,,,,,,,,,,
716,Redskins,Kyle Allen,65,-,Away,86,3,-,-,,,,,,,,,,,,,,,
717,Redskins,Kyle Allen,65,-,Home,88,4,-,-,-,,,,,,,,,,,,,,
718,Redskins,Kyle Allen,65,9.7,Home,90,5,-,-,-,-,,,,,,,,,,,,,
719,Redskins,Kyle Allen,65,17,Away,79,6,9.7,-,-,-,-,,,,,,,,,,,,
720,Redskins,Kyle Allen,65,16.9,Home,67,7,17,9.7,-,-,-,-,,,,,,,,,,,
721,Redskins,Kyle Allen,65,-,Bye,Bye,8,16.9,17,9.7,-,-,-,-,,,,,,,,,,
722,Redskins,Kyle Allen,65,2.5,Home,79,9,-,16.9,17,9.7,-,-,-,-,,,,,,,,,
723,Redskins,Kyle Allen,65,-,Away,74,10,2.5,-,16.9,17,9.7,-,-,-,-,,,,,,,,
724,Redskins,Kyle Allen,65,BYE,Home,63,11,-,2.5,-,16.9,17,9.7,-,-,-,-,,,,,,,
725,Redskins,Kyle Allen,65,-,Away,67,12,BYE,-,2.5,-,16.9,17,9.7,-,-,-,-,,,,,,
726,Redskins,Kyle Allen,65,-,Away,86,13,-,BYE,-,2.5,-,16.9,17,9.7,-,-,-,-,,,,,
727,Redskins,Kyle Allen,65,-,Away,83,14,-,-,BYE,-,2.5,-,16.9,17,9.7,-,-,-,-,,,,
728,Redskins,Kyle Allen,65,-,Home,70,15,-,-,-,BYE,-,2.5,-,16.9,17,9.7,-,-,-,-,,,
729,Redskins,Kyle Allen,65,-,Home,80,16,-,-,-,-,BYE,-,2.5,-,16.9,17,9.7,-,-,-,-,,
730,Redskins,Kyle Allen,65,-,Away,72,17,-,-,-,-,-,BYE,-,2.5,-,16.9,17,9.7,-,-,-,-,
731,Cardinals,Kyler Murray,77,27.3,Away,83,1,,,,,,,,,,,,,,,,,
732,Cardinals,Kyler Murray,77,33.1,Home,93,2,27.3,,,,,,,,,,,,,,,,
733,Cardinals,Kyler Murray,77,24.7,Home,74,3,33.1,27.3,,,,,,,,,,,,,,,
734,Cardinals,Kyler Murray,77,23.1,Away,80,4,24.7,33.1,27.3,,,,,,,,,,,,,,
735,Cardinals,Kyler Murray,77,27.3,Away,72,5,23.1,24.7,33.1,27.3,,,,,,,,,,,,,
736,Cardinals,Kyler Murray,77,28.9,Away,67,6,27.3,23.1,24.7,33.1,27.3,,,,,,,,,,,,
737,Cardinals,Kyler Murray,77,38.1,Home,70,7,28.9,27.3,23.1,24.7,33.1,27.3,,,,,,,,,,,
738,Cardinals,Kyler Murray,77,BYE,Bye,Bye,8,38.1,28.9,27.3,23.1,24.7,33.1,27.3,,,,,,,,,,
739,Cardinals,Kyler Murray,77,37.9,Home,86,9,BYE,38.1,28.9,27.3,23.1,24.7,33.1,27.3,,,,,,,,,
740,Cardinals,Kyler Murray,77,30.9,Home,77,10,37.9,BYE,38.1,28.9,27.3,23.1,24.7,33.1,27.3,,,,,,,,
741,Cardinals,Kyler Murray,77,20.3,Away,70,11,30.9,37.9,BYE,38.1,28.9,27.3,23.1,24.7,33.1,27.3,,,,,,,
742,Cardinals,Kyler Murray,77,8.9,Away,82,12,20.3,30.9,37.9,BYE,38.1,28.9,27.3,23.1,24.7,33.1,27.3,,,,,,
743,Cardinals,Kyler Murray,77,17.4,Home,90,13,8.9,20.3,30.9,37.9,BYE,38.1,28.9,27.3,23.1,24.7,33.1,27.3,,,,,
744,Cardinals,Kyler Murray,77,18.5,Away,79,14,17.4,8.9,20.3,30.9,37.9,BYE,38.1,28.9,27.3,23.1,24.7,33.1,27.3,,,,
745,Cardinals,Kyler Murray,77,34.1,Home,72,15,18.5,17.4,8.9,20.3,30.9,37.9,BYE,38.1,28.9,27.3,23.1,24.7,33.1,27.3,,,
746,Cardinals,Kyler Murray,77,16.4,Home,83,16,34.1,18.5,17.4,8.9,20.3,30.9,37.9,BYE,38.1,28.9,27.3,23.1,24.7,33.1,27.3,,
747,Cardinals,Kyler Murray,77,3.8,Away,90,17,16.4,34.1,18.5,17.4,8.9,20.3,30.9,37.9,BYE,38.1,28.9,27.3,23.1,24.7,33.1,27.3,
748,Ravens,Lamar Jackson,94,27.5,Home,86,1,,,,,,,,,,,,,,,,,
749,Ravens,Lamar Jackson,94,17.6,Away,60,2,27.5,,,,,,,,,,,,,,,,
750,Ravens,Lamar Jackson,94,14.2,Home,80,3,17.6,27.5,,,,,,,,,,,,,,,
751,Ravens,Lamar Jackson,94,26,Away,93,4,14.2,17.6,27.5,,,,,,,,,,,,,,
752,Ravens,Lamar Jackson,94,14.5,Home,63,5,26,14.2,17.6,27.5,,,,,,,,,,,,,
753,Ravens,Lamar Jackson,94,28.2,Away,72,6,14.5,26,14.2,17.6,27.5,,,,,,,,,,,,
754,Ravens,Lamar Jackson,94,BYE,Bye,Bye,7,28.2,14.5,26,14.2,17.6,27.5,,,,,,,,,,,
755,Ravens,Lamar Jackson,94,16.8,Home,86,8,BYE,28.2,14.5,26,14.2,17.6,27.5,,,,,,,,,,
756,Ravens,Lamar Jackson,94,18.6,Away,77,9,16.8,BYE,28.2,14.5,26,14.2,17.6,27.5,,,,,,,,,
757,Ravens,Lamar Jackson,94,22.5,Away,82,10,18.6,16.8,BYE,28.2,14.5,26,14.2,17.6,27.5,,,,,,,,
758,Ravens,Lamar Jackson,94,17.5,Home,68,11,22.5,18.6,16.8,BYE,28.2,14.5,26,14.2,17.6,27.5,,,,,,,
759,Ravens,Lamar Jackson,94,-,Away,86,12,17.5,22.5,18.6,16.8,BYE,28.2,14.5,26,14.2,17.6,27.5,,,,,,
760,Ravens,Lamar Jackson,94,26.7,Home,67,13,-,17.5,22.5,18.6,16.8,BYE,28.2,14.5,26,14.2,17.6,27.5,,,,,
761,Ravens,Lamar Jackson,94,34.9,Away,86,14,26.7,-,17.5,22.5,18.6,16.8,BYE,28.2,14.5,26,14.2,17.6,27.5,,,,
762,Ravens,Lamar Jackson,94,30.2,Home,70,15,34.9,26.7,-,17.5,22.5,18.6,16.8,BYE,28.2,14.5,26,14.2,17.6,27.5,,,
763,Ravens,Lamar Jackson,94,21.3,Home,79,16,30.2,34.9,26.7,-,17.5,22.5,18.6,16.8,BYE,28.2,14.5,26,14.2,17.6,27.5,,
764,Ravens,Lamar Jackson,94,25.2,Away,63,17,21.3,30.2,34.9,26.7,-,17.5,22.5,18.6,16.8,BYE,28.2,14.5,26,14.2,17.6,27.5,
765,Titans,Logan Woodside,47,-,Away,87,1,,,,,,,,,,,,,,,,,
766,Titans,Logan Woodside,47,-,Home,70,2,-,,,,,,,,,,,,,,,,
767,Titans,Logan Woodside,47,-,Away,84,3,-,-,,,,,,,,,,,,,,,
768,Titans,Logan Woodside,47,-,Bye,Bye,4,-,-,-,,,,,,,,,,,,,,
769,Titans,Logan Woodside,47,-,Home,77,5,-,-,-,-,,,,,,,,,,,,,
770,Titans,Logan Woodside,47,-,Home,60,6,-,-,-,-,-,,,,,,,,,,,,
771,Titans,Logan Woodside,47,-,Home,86,7,-,-,-,-,-,-,,,,,,,,,,,
772,Titans,Logan Woodside,47,-,Away,63,8,-,-,-,-,-,-,-,,,,,,,,,,
773,Titans,Logan Woodside,47,-,Home,82,9,-,-,-,-,-,-,-,-,,,,,,,,,
774,Titans,Logan Woodside,47,0,Home,77,10,-,-,-,-,-,-,-,-,-,,,,,,,,
775,Titans,Logan Woodside,47,0.3,Away,88,11,0,-,-,-,-,-,-,-,-,-,,,,,,,
776,Titans,Logan Woodside,47,-0.5,Away,77,12,0.3,0,-,-,-,-,-,-,-,-,-,,,,,,
777,Titans,Logan Woodside,47,-,Home,86,13,-0.5,0.3,0,-,-,-,-,-,-,-,-,-,,,,,
778,Titans,Logan Woodside,47,1.8,Away,70,14,-,-0.5,0.3,0,-,-,-,-,-,-,-,-,-,,,,
779,Titans,Logan Woodside,47,-0.3,Home,74,15,1.8,-,-0.5,0.3,0,-,-,-,-,-,-,-,-,-,,,
780,Titans,Logan Woodside,47,0,Away,79,16,-0.3,1.8,-,-0.5,0.3,0,-,-,-,-,-,-,-,-,-,,
781,Titans,Logan Woodside,47,-,Away,60,17,0,-0.3,1.8,-,-0.5,0.3,0,-,-,-,-,-,-,-,-,-,
782,Raiders,Marcus Mariota,68,-,Away,80,1,,,,,,,,,,,,,,,,,
783,Raiders,Marcus Mariota,68,-,Home,83,2,-,,,,,,,,,,,,,,,,
784,Raiders,Marcus Mariota,68,-,Away,82,3,-,-,,,,,,,,,,,,,,,
785,Raiders,Marcus Mariota,68,-,Home,77,4,-,-,-,,,,,,,,,,,,,,
786,Raiders,Marcus Mariota,68,-,Away,80,5,-,-,-,-,,,,,,,,,,,,,
787,Raiders,Marcus Mariota,68,-,Bye,Bye,6,-,-,-,-,-,,,,,,,,,,,,
788,Raiders,Marcus Mariota,68,-,Home,90,7,-,-,-,-,-,-,,,,,,,,,,,
789,Raiders,Marcus Mariota,68,-,Away,86,8,-,-,-,-,-,-,-,,,,,,,,,,
790,Raiders,Marcus Mariota,68,BYE,Away,76,9,-,-,-,-,-,-,-,-,,,,,,,,,
791,Raiders,Marcus Mariota,68,-,Home,87,10,BYE,-,-,-,-,-,-,-,-,,,,,,,,
792,Raiders,Marcus Mariota,68,-,Home,80,11,-,BYE,-,-,-,-,-,-,-,-,,,,,,,
793,Raiders,Marcus Mariota,68,-,Away,65,12,-,-,BYE,-,-,-,-,-,-,-,-,,,,,,
794,Raiders,Marcus Mariota,68,-,Away,72,13,-,-,-,BYE,-,-,-,-,-,-,-,-,,,,,
795,Raiders,Marcus Mariota,68,-,Home,77,14,-,-,-,-,BYE,-,-,-,-,-,-,-,-,,,,
796,Raiders,Marcus Mariota,68,26.8,Home,76,15,-,-,-,-,-,BYE,-,-,-,-,-,-,-,-,,,
797,Raiders,Marcus Mariota,68,-,Home,86,16,26.8,-,-,-,-,-,BYE,-,-,-,-,-,-,-,-,,
798,Raiders,Marcus Mariota,68,-,Away,87,17,-,26.8,-,-,-,-,-,BYE,-,-,-,-,-,-,-,-,
799,Steelers,Mason Rudolph,63,-,Away,79,1,,,,,,,,,,,,,,,,,
800,Steelers,Mason Rudolph,63,-,Home,87,2,-,,,,,,,,,,,,,,,,
801,Steelers,Mason Rudolph,63,-,Home,60,3,-,-,,,,,,,,,,,,,,,
802,Steelers,Mason Rudolph,63,BYE,Bye,Bye,4,-,-,-,,,,,,,,,,,,,,
803,Steelers,Mason Rudolph,63,-,Home,72,5,BYE,-,-,-,,,,,,,,,,,,,
804,Steelers,Mason Rudolph,63,-0.1,Home,86,6,-,BYE,-,-,-,,,,,,,,,,,,
805,Steelers,Mason Rudolph,63,-,Away,68,7,-0.1,-,BYE,-,-,-,,,,,,,,,,,
806,Steelers,Mason Rudolph,63,-,Away,88,8,-,-0.1,-,BYE,-,-,-,,,,,,,,,,
807,Steelers,Mason Rudolph,63,0.1,Away,67,9,-,-,-0.1,-,BYE,-,-,-,,,,,,,,,
808,Steelers,Mason Rudolph,63,0,Home,63,10,0.1,-,-,-0.1,-,BYE,-,-,-,,,,,,,,
809,Steelers,Mason Rudolph,63,-0.4,Away,70,11,0,0.1,-,-,-0.1,-,BYE,-,-,-,,,,,,,
810,Steelers,Mason Rudolph,63,-,Home,88,12,-0.4,0,0.1,-,-,-0.1,-,BYE,-,-,-,,,,,,
811,Steelers,Mason Rudolph,63,-,Home,93,13,-,-0.4,0,0.1,-,-,-0.1,-,BYE,-,-,-,,,,,
812,Steelers,Mason Rudolph,63,-,Away,77,14,-,-,-0.4,0,0.1,-,-,-0.1,-,BYE,-,-,-,,,,
813,Steelers,Mason Rudolph,63,-,Away,63,15,-,-,-,-0.4,0,0.1,-,-,-0.1,-,BYE,-,-,-,,,
814,Steelers,Mason Rudolph,63,-,Home,77,16,-,-,-,-,-0.4,0,0.1,-,-,-0.1,-,BYE,-,-,-,,
815,Steelers,Mason Rudolph,63,19.7,Away,86,17,-,-,-,-,-,-0.4,0,0.1,-,-,-0.1,-,BYE,-,-,-,
816,Bills,Matt Barkley,64,-,Home,72,1,,,,,,,,,,,,,,,,,
817,Bills,Matt Barkley,64,-,Away,86,2,-,,,,,,,,,,,,,,,,
818,Bills,Matt Barkley,64,-,Home,90,3,-,-,,,,,,,,,,,,,,,
819,Bills,Matt Barkley,64,-,Away,69,4,-,-,-,,,,,,,,,,,,,,
820,Bills,Matt Barkley,64,0.9,Away,68,5,-,-,-,-,,,,,,,,,,,,,
821,Bills,Matt Barkley,64,-,Home,80,6,0.9,-,-,-,-,,,,,,,,,,,,
822,Bills,Matt Barkley,64,-,Away,72,7,-,0.9,-,-,-,-,,,,,,,,,,,
823,Bills,Matt Barkley,64,-,Home,82,8,-,-,0.9,-,-,-,-,,,,,,,,,,
824,Bills,Matt Barkley,64,-,Home,70,9,-,-,-,0.9,-,-,-,-,,,,,,,,,
825,Bills,Matt Barkley,64,-,Away,73,10,-,-,-,-,0.9,-,-,-,-,,,,,,,,
826,Bills,Matt Barkley,64,BYE,Bye,Bye,11,-,-,-,-,-,0.9,-,-,-,-,,,,,,,
827,Bills,Matt Barkley,64,0,Home,76,12,BYE,-,-,-,-,-,0.9,-,-,-,-,,,,,,
828,Bills,Matt Barkley,64,-,Away,83,13,0,BYE,-,-,-,-,-,0.9,-,-,-,-,,,,,
829,Bills,Matt Barkley,64,-,Home,86,14,-,0,BYE,-,-,-,-,-,0.9,-,-,-,-,,,,
830,Bills,Matt Barkley,64,0,Away,87,15,-,-,0,BYE,-,-,-,-,-,0.9,-,-,-,-,,,
831,Bills,Matt Barkley,64,0.1,Away,82,16,0,-,-,0,BYE,-,-,-,-,-,0.9,-,-,-,-,,
832,Bills,Matt Barkley,64,9.3,Home,86,17,0.1,0,-,-,0,BYE,-,-,-,-,-,0.9,-,-,-,-,
833,Falcons,Matt Ryan,87,24.9,Home,70,1,,,,,,,,,,,,,,,,,
834,Falcons,Matt Ryan,87,28.5,Away,67,2,24.9,,,,,,,,,,,,,,,,
835,Falcons,Matt Ryan,87,12.4,Home,82,3,28.5,24.9,,,,,,,,,,,,,,,
836,Falcons,Matt Ryan,87,12.4,Away,79,4,12.4,28.5,24.9,,,,,,,,,,,,,,
837,Falcons,Matt Ryan,87,7.9,Home,80,5,12.4,12.4,28.5,24.9,,,,,,,,,,,,,
838,Falcons,Matt Ryan,87,31.6,Away,84,6,7.9,12.4,12.4,28.5,24.9,,,,,,,,,,,,
839,Falcons,Matt Ryan,87,17.5,Home,74,7,31.6,7.9,12.4,12.4,28.5,24.9,,,,,,,,,,,
840,Falcons,Matt Ryan,87,18.9,Away,80,8,17.5,31.6,7.9,12.4,12.4,28.5,24.9,,,,,,,,,,
841,Falcons,Matt Ryan,87,23.4,Home,87,9,18.9,17.5,31.6,7.9,12.4,12.4,28.5,24.9,,,,,,,,,
842,Falcons,Matt Ryan,87,-,Bye,Bye,10,23.4,18.9,17.5,31.6,7.9,12.4,12.4,28.5,24.9,,,,,,,,
843,Falcons,Matt Ryan,87,7.3,Away,83,11,-,23.4,18.9,17.5,31.6,7.9,12.4,12.4,28.5,24.9,,,,,,,
844,Falcons,Matt Ryan,87,14.9,Home,69,12,7.3,-,23.4,18.9,17.5,31.6,7.9,12.4,12.4,28.5,24.9,,,,,,
845,Falcons,Matt Ryan,87,12.9,Home,83,13,14.9,7.3,-,23.4,18.9,17.5,31.6,7.9,12.4,12.4,28.5,24.9,,,,,
846,Falcons,Matt Ryan,87,10.3,Away,76,14,12.9,14.9,7.3,-,23.4,18.9,17.5,31.6,7.9,12.4,12.4,28.5,24.9,,,,
847,Falcons,Matt Ryan,87,27.8,Home,90,15,10.3,12.9,14.9,7.3,-,23.4,18.9,17.5,31.6,7.9,12.4,12.4,28.5,24.9,,,
848,Falcons,Matt Ryan,87,19.9,Away,80,16,27.8,10.3,12.9,14.9,7.3,-,23.4,18.9,17.5,31.6,7.9,12.4,12.4,28.5,24.9,,
849,Falcons,Matt Ryan,87,22.7,Away,90,17,19.9,27.8,10.3,12.9,14.9,7.3,-,23.4,18.9,17.5,31.6,7.9,12.4,12.4,28.5,24.9,
850,Falcons,Matt Schaub,59,-,Home,70,1,,,,,,,,,,,,,,,,,
851,Falcons,Matt Schaub,59,-,Away,67,2,-,,,,,,,,,,,,,,,,
852,Falcons,Matt Schaub,59,-,Home,82,3,-,-,,,,,,,,,,,,,,,
853,Falcons,Matt Schaub,59,-,Away,79,4,-,-,-,,,,,,,,,,,,,,
854,Falcons,Matt Schaub,59,-,Home,80,5,-,-,-,-,,,,,,,,,,,,,
855,Falcons,Matt Schaub,59,-,Away,84,6,-,-,-,-,-,,,,,,,,,,,,
856,Falcons,Matt Schaub,59,-,Home,74,7,-,-,-,-,-,-,,,,,,,,,,,
857,Falcons,Matt Schaub,59,-,Away,80,8,-,-,-,-,-,-,-,,,,,,,,,,
858,Falcons,Matt Schaub,59,-,Home,87,9,-,-,-,-,-,-,-,-,,,,,,,,,
859,Falcons,Matt Schaub,59,-,Bye,Bye,10,-,-,-,-,-,-,-,-,-,,,,,,,,
860,Falcons,Matt Schaub,59,-,Away,83,11,-,-,-,-,-,-,-,-,-,-,,,,,,,
861,Falcons,Matt Schaub,59,-0.4,Home,69,12,-,-,-,-,-,-,-,-,-,-,-,,,,,,
862,Falcons,Matt Schaub,59,-,Home,83,13,-0.4,-,-,-,-,-,-,-,-,-,-,-,,,,,
863,Falcons,Matt Schaub,59,-,Away,76,14,-,-0.4,-,-,-,-,-,-,-,-,-,-,-,,,,
864,Falcons,Matt Schaub,59,-,Home,90,15,-,-,-0.4,-,-,-,-,-,-,-,-,-,-,-,,,
865,Falcons,Matt Schaub,59,-,Away,80,16,-,-,-,-0.4,-,-,-,-,-,-,-,-,-,-,-,,
866,Falcons,Matt Schaub,59,-,Away,90,17,-,-,-,-,-0.4,-,-,-,-,-,-,-,-,-,-,-,
867,Lions,Matthew Stafford,83,17.2,Home,82,1,,,,,,,,,,,,,,,,,
868,Lions,Matthew Stafford,83,17.2,Away,79,2,17.2,,,,,,,,,,,,,,,,
869,Lions,Matthew Stafford,83,18.5,Away,73,3,17.2,17.2,,,,,,,,,,,,,,,
870,Lions,Matthew Stafford,83,23.3,Home,83,4,18.5,17.2,17.2,,,,,,,,,,,,,,
871,Lions,Matthew Stafford,83,-,Bye,Bye,5,23.3,18.5,17.2,17.2,,,,,,,,,,,,,
872,Lions,Matthew Stafford,83,13.3,Away,70,6,-,23.3,18.5,17.2,17.2,,,,,,,,,,,,
873,Lions,Matthew Stafford,83,18.4,Away,65,7,13.3,-,23.3,18.5,17.2,17.2,,,,,,,,,,,
874,Lions,Matthew Stafford,83,23.4,Home,77,8,18.4,13.3,-,23.3,18.5,17.2,17.2,,,,,,,,,,
875,Lions,Matthew Stafford,83,10.4,Away,84,9,23.4,18.4,13.3,-,23.3,18.5,17.2,17.2,,,,,,,,,
876,Lions,Matthew Stafford,83,23,Home,93,10,10.4,23.4,18.4,13.3,-,23.3,18.5,17.2,17.2,,,,,,,,
877,Lions,Matthew Stafford,83,7.6,Away,80,11,23,10.4,23.4,18.4,13.3,-,23.3,18.5,17.2,17.2,,,,,,,
878,Lions,Matthew Stafford,83,17.1,Home,60,12,7.6,23,10.4,23.4,18.4,13.3,-,23.3,18.5,17.2,17.2,,,,,,
879,Lions,Matthew Stafford,83,27.1,Away,82,13,17.1,7.6,23,10.4,23.4,18.4,13.3,-,23.3,18.5,17.2,17.2,,,,,
880,Lions,Matthew Stafford,83,14.4,Home,79,14,27.1,17.1,7.6,23,10.4,23.4,18.4,13.3,-,23.3,18.5,17.2,17.2,,,,
881,Lions,Matthew Stafford,83,15.3,Away,68,15,14.4,27.1,17.1,7.6,23,10.4,23.4,18.4,13.3,-,23.3,18.5,17.2,17.2,,,
882,Lions,Matthew Stafford,83,0.7,Home,90,16,15.3,14.4,27.1,17.1,7.6,23,10.4,23.4,18.4,13.3,-,23.3,18.5,17.2,17.2,,
883,Lions,Matthew Stafford,83,23.6,Home,84,17,0.7,15.3,14.4,27.1,17.1,7.6,23,10.4,23.4,18.4,13.3,-,23.3,18.5,17.2,17.2,
884,Jaguars,Mike Glennon,58,-,Home,77,1,,,,,,,,,,,,,,,,,
885,Jaguars,Mike Glennon,58,-,Away,68,2,-,,,,,,,,,,,,,,,,
886,Jaguars,Mike Glennon,58,-,Home,86,3,-,-,,,,,,,,,,,,,,,
887,Jaguars,Mike Glennon,58,-,Away,63,4,-,-,-,,,,,,,,,,,,,,
888,Jaguars,Mike Glennon,58,-,Away,60,5,-,-,-,-,,,,,,,,,,,,,
889,Jaguars,Mike Glennon,58,-,Home,74,6,-,-,-,-,-,,,,,,,,,,,,
890,Jaguars,Mike Glennon,58,-,Away,76,7,-,-,-,-,-,-,,,,,,,,,,,
891,Jaguars,Mike Glennon,58,-,Bye,Bye,8,-,-,-,-,-,-,-,,,,,,,,,,
892,Jaguars,Mike Glennon,58,-,Home,60,9,-,-,-,-,-,-,-,-,,,,,,,,,
893,Jaguars,Mike Glennon,58,-,Away,79,10,-,-,-,-,-,-,-,-,-,,,,,,,,
894,Jaguars,Mike Glennon,58,-,Home,86,11,-,-,-,-,-,-,-,-,-,-,,,,,,,
895,Jaguars,Mike Glennon,58,18,Home,86,12,-,-,-,-,-,-,-,-,-,-,-,,,,,,
896,Jaguars,Mike Glennon,58,14.1,Away,84,13,18,-,-,-,-,-,-,-,-,-,-,-,,,,,
897,Jaguars,Mike Glennon,58,2.4,Home,68,14,14.1,18,-,-,-,-,-,-,-,-,-,-,-,,,,
898,Jaguars,Mike Glennon,58,-,Away,88,15,2.4,14.1,18,-,-,-,-,-,-,-,-,-,-,-,,,
899,Jaguars,Mike Glennon,58,14.4,Home,82,16,-,2.4,14.1,18,-,-,-,-,-,-,-,-,-,-,-,,
900,Jaguars,Mike Glennon,58,16.6,Away,77,17,14.4,-,2.4,14.1,18,-,-,-,-,-,-,-,-,-,-,-,
901,Eagles,Nate Sudfeld,57,-,Away,93,1,,,,,,,,,,,,,,,,,
902,Eagles,Nate Sudfeld,57,-,Home,90,2,-,,,,,,,,,,,,,,,,
903,Eagles,Nate Sudfeld,57,-,Home,63,3,-,-,,,,,,,,,,,,,,,
904,Eagles,Nate Sudfeld,57,-,Away,83,4,-,-,-,,,,,,,,,,,,,,
905,Eagles,Nate Sudfeld,57,BYE,Away,86,5,-,-,-,-,,,,,,,,,,,,,
906,Eagles,Nate Sudfeld,57,-,Home,88,6,BYE,-,-,-,-,,,,,,,,,,,,
907,Eagles,Nate Sudfeld,57,-,Home,79,7,-,BYE,-,-,-,-,,,,,,,,,,,
908,Eagles,Nate Sudfeld,57,-,Home,67,8,-,-,BYE,-,-,-,-,,,,,,,,,,
909,Eagles,Nate Sudfeld,57,-,Bye,Bye,9,-,-,-,BYE,-,-,-,-,,,,,,,,,
910,Eagles,Nate Sudfeld,57,-,Away,79,10,-,-,-,-,BYE,-,-,-,-,,,,,,,,
911,Eagles,Nate Sudfeld,57,-,Away,86,11,-,-,-,-,-,BYE,-,-,-,-,,,,,,,
912,Eagles,Nate Sudfeld,57,-,Home,70,12,-,-,-,-,-,-,BYE,-,-,-,-,,,,,,
913,Eagles,Nate Sudfeld,57,-,Away,79,13,-,-,-,-,-,-,-,BYE,-,-,-,-,,,,,
914,Eagles,Nate Sudfeld,57,-,Home,83,14,-,-,-,-,-,-,-,-,BYE,-,-,-,-,,,,
915,Eagles,Nate Sudfeld,57,-,Away,73,15,-,-,-,-,-,-,-,-,-,BYE,-,-,-,-,,,
916,Eagles,Nate Sudfeld,57,-,Away,67,16,-,-,-,-,-,-,-,-,-,-,BYE,-,-,-,-,,
917,Eagles,Nate Sudfeld,57,-0.5,Home,93,17,-,-,-,-,-,-,-,-,-,-,-,BYE,-,-,-,-,
918,Raiders,Nathan Peterman,51,-,Away,80,1,,,,,,,,,,,,,,,,,
919,Raiders,Nathan Peterman,51,-,Home,83,2,-,,,,,,,,,,,,,,,,
920,Raiders,Nathan Peterman,51,-,Away,82,3,-,-,,,,,,,,,,,,,,,
921,Raiders,Nathan Peterman,51,-,Home,77,4,-,-,-,,,,,,,,,,,,,,
922,Raiders,Nathan Peterman,51,-,Away,80,5,-,-,-,-,,,,,,,,,,,,,
923,Raiders,Nathan Peterman,51,-,Bye,Bye,6,-,-,-,-,-,,,,,,,,,,,,
924,Raiders,Nathan Peterman,51,-,Home,90,7,-,-,-,-,-,-,,,,,,,,,,,
925,Raiders,Nathan Peterman,51,-,Away,86,8,-,-,-,-,-,-,-,,,,,,,,,,
926,Raiders,Nathan Peterman,51,-,Away,76,9,-,-,-,-,-,-,-,-,,,,,,,,,
927,Raiders,Nathan Peterman,51,-,Home,87,10,-,-,-,-,-,-,-,-,-,,,,,,,,
928,Raiders,Nathan Peterman,51,BYE,Home,80,11,-,-,-,-,-,-,-,-,-,-,,,,,,,
929,Raiders,Nathan Peterman,51,1.9,Away,65,12,BYE,-,-,-,-,-,-,-,-,-,-,,,,,,
930,Raiders,Nathan Peterman,51,-,Away,72,13,1.9,BYE,-,-,-,-,-,-,-,-,-,-,,,,,
931,Raiders,Nathan Peterman,51,-,Home,77,14,-,1.9,BYE,-,-,-,-,-,-,-,-,-,-,,,,
932,Raiders,Nathan Peterman,51,-,Home,76,15,-,-,1.9,BYE,-,-,-,-,-,-,-,-,-,-,,,
933,Raiders,Nathan Peterman,51,-,Home,86,16,-,-,-,1.9,BYE,-,-,-,-,-,-,-,-,-,-,,
934,Raiders,Nathan Peterman,51,-,Away,87,17,-,-,-,-,1.9,BYE,-,-,-,-,-,-,-,-,-,-,
935,Bears,Nick Foles,71,-,Away,74,1,,,,,,,,,,,,,,,,,
936,Bears,Nick Foles,71,-,Home,79,2,-,,,,,,,,,,,,,,,,
937,Bears,Nick Foles,71,18.2,Away,65,3,-,-,,,,,,,,,,,,,,,
938,Bears,Nick Foles,71,12.9,Home,77,4,18.2,-,-,,,,,,,,,,,,,,
939,Bears,Nick Foles,71,12.6,Home,90,5,12.9,18.2,-,-,,,,,,,,,,,,,
940,Bears,Nick Foles,71,17.3,Away,80,6,12.6,12.9,18.2,-,-,,,,,,,,,,,,
941,Bears,Nick Foles,71,8.4,Away,90,7,17.3,12.6,12.9,18.2,-,-,,,,,,,,,,,
942,Bears,Nick Foles,71,17.9,Home,83,8,8.4,17.3,12.6,12.9,18.2,-,-,,,,,,,,,,
943,Bears,Nick Foles,71,21.6,Away,68,9,17.9,8.4,17.3,12.6,12.9,18.2,-,-,,,,,,,,,
944,Bears,Nick Foles,71,3.4,Home,84,10,21.6,17.9,8.4,17.3,12.6,12.9,18.2,-,-,,,,,,,,
945,Bears,Nick Foles,71,-,Bye,Bye,11,3.4,21.6,17.9,8.4,17.3,12.6,12.9,18.2,-,-,,,,,,,
946,Bears,Nick Foles,71,-,Away,79,12,-,3.4,21.6,17.9,8.4,17.3,12.6,12.9,18.2,-,-,,,,,,
947,Bears,Nick Foles,71,-,Home,74,13,-,-,3.4,21.6,17.9,8.4,17.3,12.6,12.9,18.2,-,-,,,,,
948,Bears,Nick Foles,71,-,Home,60,14,-,-,-,3.4,21.6,17.9,8.4,17.3,12.6,12.9,18.2,-,-,,,,
949,Bears,Nick Foles,71,-,Away,84,15,-,-,-,-,3.4,21.6,17.9,8.4,17.3,12.6,12.9,18.2,-,-,,,
950,Bears,Nick Foles,71,-0.2,Away,70,16,-,-,-,-,-,3.4,21.6,17.9,8.4,17.3,12.6,12.9,18.2,-,-,,
951,Bears,Nick Foles,71,-,Home,79,17,-0.2,-,-,-,-,-,3.4,21.6,17.9,8.4,17.3,12.6,12.9,18.2,-,-,
952,49ers,Nick Mullens,66,-,Home,73,1,,,,,,,,,,,,,,,,,
953,49ers,Nick Mullens,66,1.6,Away,72,2,-,,,,,,,,,,,,,,,,
954,49ers,Nick Mullens,66,17.7,Away,79,3,1.6,-,,,,,,,,,,,,,,,
955,49ers,Nick Mullens,66,8,Home,72,4,17.7,1.6,-,,,,,,,,,,,,,,
956,49ers,Nick Mullens,66,-,Home,86,5,8,17.7,1.6,-,,,,,,,,,,,,,
957,49ers,Nick Mullens,66,-,Home,90,6,-,8,17.7,1.6,-,,,,,,,,,,,,
958,49ers,Nick Mullens,66,BYE,Away,82,7,-,-,8,17.7,1.6,-,,,,,,,,,,,
959,49ers,Nick Mullens,66,17.5,Away,70,8,BYE,-,-,8,17.7,1.6,-,,,,,,,,,,
960,49ers,Nick Mullens,66,12.6,Home,79,9,17.5,BYE,-,-,8,17.7,1.6,-,,,,,,,,,
961,49ers,Nick Mullens,66,12.2,Away,83,10,12.6,17.5,BYE,-,-,8,17.7,1.6,-,,,,,,,,
962,49ers,Nick Mullens,66,-,Bye,Bye,11,12.2,12.6,17.5,BYE,-,-,8,17.7,1.6,-,,,,,,,
963,49ers,Nick Mullens,66,9.1,Away,90,12,-,12.2,12.6,17.5,BYE,-,-,8,17.7,1.6,-,,,,,,
964,49ers,Nick Mullens,66,22.6,Home,77,13,9.1,-,12.2,12.6,17.5,BYE,-,-,8,17.7,1.6,-,,,,,
965,49ers,Nick Mullens,66,13.4,Home,93,14,22.6,9.1,-,12.2,12.6,17.5,BYE,-,-,8,17.7,1.6,-,,,,
966,49ers,Nick Mullens,66,13.5,Away,67,15,13.4,22.6,9.1,-,12.2,12.6,17.5,BYE,-,-,8,17.7,1.6,-,,,
967,49ers,Nick Mullens,66,-,Away,73,16,13.5,13.4,22.6,9.1,-,12.2,12.6,17.5,BYE,-,-,8,17.7,1.6,-,,
968,49ers,Nick Mullens,66,-,Home,70,17,-,13.5,13.4,22.6,9.1,-,12.2,12.6,17.5,BYE,-,-,8,17.7,1.6,-,
969,Panthers,P.J. Walker,59,-,Home,69,1,,,,,,,,,,,,,,,,,
970,Panthers,P.J. Walker,59,-,Away,90,2,-,,,,,,,,,,,,,,,,
971,Panthers,P.J. Walker,59,-,Away,76,3,-,-,,,,,,,,,,,,,,,
972,Panthers,P.J. Walker,59,-,Home,73,4,-,-,-,,,,,,,,,,,,,,
973,Panthers,P.J. Walker,59,-,Away,65,5,-,-,-,-,,,,,,,,,,,,,
974,Panthers,P.J. Walker,59,-,Home,82,6,-,-,-,-,-,,,,,,,,,,,,
975,Panthers,P.J. Walker,59,-,Away,83,7,-,-,-,-,-,-,,,,,,,,,,,
976,Panthers,P.J. Walker,59,0.1,Home,65,8,-,-,-,-,-,-,-,,,,,,,,,,
977,Panthers,P.J. Walker,59,BYE,Away,80,9,0.1,-,-,-,-,-,-,-,,,,,,,,,
978,Panthers,P.J. Walker,59,0.5,Home,90,10,BYE,0.1,-,-,-,-,-,-,-,,,,,,,,
979,Panthers,P.J. Walker,59,12.1,Home,74,11,0.5,BYE,0.1,-,-,-,-,-,-,-,,,,,,,
980,Panthers,P.J. Walker,59,-,Away,84,12,12.1,0.5,BYE,0.1,-,-,-,-,-,-,-,,,,,,
981,Panthers,P.J. Walker,59,-,Bye,Bye,13,-,12.1,0.5,BYE,0.1,-,-,-,-,-,-,-,,,,,
982,Panthers,P.J. Walker,59,-,Home,87,14,-,-,12.1,0.5,BYE,0.1,-,-,-,-,-,-,-,,,,
983,Panthers,P.J. Walker,59,-,Away,79,15,-,-,-,12.1,0.5,BYE,0.1,-,-,-,-,-,-,-,,,
984,Panthers,P.J. Walker,59,-,Away,93,16,-,-,-,-,12.1,0.5,BYE,0.1,-,-,-,-,-,-,-,,
985,Panthers,P.J. Walker,59,0.8,Home,83,17,-,-,-,-,-,12.1,0.5,BYE,0.1,-,-,-,-,-,-,-,
986,Colts,Philip Rivers,82,16.8,Away,70,1,,,,,,,,,,,,,,,,,
987,Colts,Philip Rivers,82,11.9,Home,84,2,16.8,,,,,,,,,,,,,,,,
988,Colts,Philip Rivers,82,12.7,Home,72,3,11.9,16.8,,,,,,,,,,,,,,,
989,Colts,Philip Rivers,82,11.2,Away,82,4,12.7,11.9,16.8,,,,,,,,,,,,,,
990,Colts,Philip Rivers,82,7.6,Away,86,5,11.2,12.7,11.9,16.8,,,,,,,,,,,,,
991,Colts,Philip Rivers,82,25.7,Home,63,6,7.6,11.2,12.7,11.9,16.8,,,,,,,,,,,,
992,Colts,Philip Rivers,82,-,Bye,Bye,7,25.7,7.6,11.2,12.7,11.9,16.8,,,,,,,,,,,
993,Colts,Philip Rivers,82,22.3,Away,74,8,-,25.7,7.6,11.2,12.7,11.9,16.8,,,,,,,,,,
994,Colts,Philip Rivers,82,8.1,Home,88,9,22.3,-,25.7,7.6,11.2,12.7,11.9,16.8,,,,,,,,,
995,Colts,Philip Rivers,82,16.3,Away,68,10,8.1,22.3,-,25.7,7.6,11.2,12.7,11.9,16.8,,,,,,,,
996,Colts,Philip Rivers,82,22.4,Home,79,11,16.3,8.1,22.3,-,25.7,7.6,11.2,12.7,11.9,16.8,,,,,,,
997,Colts,Philip Rivers,82,18.8,Home,68,12,22.4,16.3,8.1,22.3,-,25.7,7.6,11.2,12.7,11.9,16.8,,,,,,
998,Colts,Philip Rivers,82,19.2,Away,60,13,18.8,22.4,16.3,8.1,22.3,-,25.7,7.6,11.2,12.7,11.9,16.8,,,,,
999,Colts,Philip Rivers,82,17.8,Away,69,14,19.2,18.8,22.4,16.3,8.1,22.3,-,25.7,7.6,11.2,12.7,11.9,16.8,,,,
1000,Colts,Philip Rivers,82,17,Home,60,15,17.8,19.2,18.8,22.4,16.3,8.1,22.3,-,25.7,7.6,11.2,12.7,11.9,16.8,,,
1001,Colts,Philip Rivers,82,11.8,Away,86,16,17,17.8,19.2,18.8,22.4,16.3,8.1,22.3,-,25.7,7.6,11.2,12.7,11.9,16.8,,
1002,Colts,Philip Rivers,82,11.4,Home,70,17,11.8,17,17.8,19.2,18.8,22.4,16.3,8.1,22.3,-,25.7,7.6,11.2,12.7,11.9,16.8,
1003,Ravens,Robert Griffin III,66,0.3,Home,86,1,,,,,,,,,,,,,,,,,
1004,Ravens,Robert Griffin III,66,-,Away,60,2,0.3,,,,,,,,,,,,,,,,
1005,Ravens,Robert Griffin III,66,-,Home,80,3,-,0.3,,,,,,,,,,,,,,,
1006,Ravens,Robert Griffin III,66,-0.7,Away,93,4,-,-,0.3,,,,,,,,,,,,,,
1007,Ravens,Robert Griffin III,66,-0.1,Home,63,5,-0.7,-,-,0.3,,,,,,,,,,,,,
1008,Ravens,Robert Griffin III,66,-,Away,72,6,-0.1,-0.7,-,-,0.3,,,,,,,,,,,,
1009,Ravens,Robert Griffin III,66,-,Bye,Bye,7,-,-0.1,-0.7,-,-,0.3,,,,,,,,,,,
1010,Ravens,Robert Griffin III,66,-,Home,86,8,-,-,-0.1,-0.7,-,-,0.3,,,,,,,,,,
1011,Ravens,Robert Griffin III,66,-,Away,77,9,-,-,-,-0.1,-0.7,-,-,0.3,,,,,,,,,
1012,Ravens,Robert Griffin III,66,-,Away,82,10,-,-,-,-,-0.1,-0.7,-,-,0.3,,,,,,,,
1013,Ravens,Robert Griffin III,66,-,Home,68,11,-,-,-,-,-,-0.1,-0.7,-,-,0.3,,,,,,,
1014,Ravens,Robert Griffin III,66,5.1,Away,86,12,-,-,-,-,-,-,-0.1,-0.7,-,-,0.3,,,,,,
1015,Ravens,Robert Griffin III,66,-,Home,67,13,5.1,-,-,-,-,-,-,-0.1,-0.7,-,-,0.3,,,,,
1016,Ravens,Robert Griffin III,66,-,Away,86,14,-,5.1,-,-,-,-,-,-,-0.1,-0.7,-,-,0.3,,,,
1017,Ravens,Robert Griffin III,66,-,Home,70,15,-,-,5.1,-,-,-,-,-,-,-0.1,-0.7,-,-,0.3,,,
1018,Ravens,Robert Griffin III,66,-,Home,79,16,-,-,-,5.1,-,-,-,-,-,-,-0.1,-0.7,-,-,0.3,,
1019,Ravens,Robert Griffin III,66,-,Away,63,17,-,-,-,-,5.1,-,-,-,-,-,-,-0.1,-0.7,-,-,0.3,
1020,Seahawks,Russell Wilson,97,31.8,Away,65,1,,,,,,,,,,,,,,,,,
1021,Seahawks,Russell Wilson,97,34.4,Home,82,2,31.8,,,,,,,,,,,,,,,,
1022,Seahawks,Russell Wilson,97,36.8,Home,67,3,34.4,31.8,,,,,,,,,,,,,,,
1023,Seahawks,Russell Wilson,97,21.9,Away,86,4,36.8,34.4,31.8,,,,,,,,,,,,,,
1024,Seahawks,Russell Wilson,97,25.5,Home,84,5,21.9,36.8,34.4,31.8,,,,,,,,,,,,,
1025,Seahawks,Russell Wilson,97,-,Bye,Bye,6,25.5,21.9,36.8,34.4,31.8,,,,,,,,,,,,
1026,Seahawks,Russell Wilson,97,32.9,Away,73,7,-,25.5,21.9,36.8,34.4,31.8,,,,,,,,,,,
1027,Seahawks,Russell Wilson,97,28.7,Home,83,8,32.9,-,25.5,21.9,36.8,34.4,31.8,,,,,,,,,,
1028,Seahawks,Russell Wilson,97,24.1,Away,77,9,28.7,32.9,-,25.5,21.9,36.8,34.4,31.8,,,,,,,,,
1029,Seahawks,Russell Wilson,97,11.9,Away,90,10,24.1,28.7,32.9,-,25.5,21.9,36.8,34.4,31.8,,,,,,,,
1030,Seahawks,Russell Wilson,97,20.1,Home,73,11,11.9,24.1,28.7,32.9,-,25.5,21.9,36.8,34.4,31.8,,,,,,,
1031,Seahawks,Russell Wilson,97,14.4,Away,72,12,20.1,11.9,24.1,28.7,32.9,-,25.5,21.9,36.8,34.4,31.8,,,,,,
1032,Seahawks,Russell Wilson,97,16,Home,79,13,14.4,20.1,11.9,24.1,28.7,32.9,-,25.5,21.9,36.8,34.4,31.8,,,,,
1033,Seahawks,Russell Wilson,97,23.1,Home,72,14,16,14.4,20.1,11.9,24.1,28.7,32.9,-,25.5,21.9,36.8,34.4,31.8,,,,
1034,Seahawks,Russell Wilson,97,13,Away,93,15,23.1,16,14.4,20.1,11.9,24.1,28.7,32.9,-,25.5,21.9,36.8,34.4,31.8,,,
1035,Seahawks,Russell Wilson,97,19.9,Home,90,16,13,23.1,16,14.4,20.1,11.9,24.1,28.7,32.9,-,25.5,21.9,36.8,34.4,31.8,,
1036,Seahawks,Russell Wilson,97,18.1,Away,83,17,19.9,13,23.1,16,14.4,20.1,11.9,24.1,28.7,32.9,-,25.5,21.9,36.8,34.4,31.8,
1037,Bengals,Ryan Finley,55,-,Home,76,1,,,,,,,,,,,,,,,,,
1038,Bengals,Ryan Finley,55,-,Away,86,2,-,,,,,,,,,,,,,,,,
1039,Bengals,Ryan Finley,55,0,Away,72,3,-,-,,,,,,,,,,,,,,,
1040,Bengals,Ryan Finley,55,-,Home,70,4,0,-,-,,,,,,,,,,,,,,
1041,Bengals,Ryan Finley,55,-,Away,88,5,-,0,-,-,,,,,,,,,,,,,
1042,Bengals,Ryan Finley,55,-,Away,77,6,-,-,0,-,-,,,,,,,,,,,,
1043,Bengals,Ryan Finley,55,-,Home,86,7,-,-,-,0,-,-,,,,,,,,,,,
1044,Bengals,Ryan Finley,55,-,Home,68,8,-,-,-,-,0,-,-,,,,,,,,,,
1045,Bengals,Ryan Finley,55,-,Bye,Bye,9,-,-,-,-,-,0,-,-,,,,,,,,,
1046,Bengals,Ryan Finley,55,-,Away,86,10,-,-,-,-,-,-,0,-,-,,,,,,,,
1047,Bengals,Ryan Finley,55,2.1,Away,93,11,-,-,-,-,-,-,-,0,-,-,,,,,,,
1048,Bengals,Ryan Finley,55,-,Home,79,12,2.1,-,-,-,-,-,-,-,0,-,-,,,,,,
1049,Bengals,Ryan Finley,55,0.6,Away,86,13,-,2.1,-,-,-,-,-,-,-,0,-,-,,,,,
1050,Bengals,Ryan Finley,55,0.2,Home,67,14,0.6,-,2.1,-,-,-,-,-,-,-,0,-,-,,,,
1051,Bengals,Ryan Finley,55,18.3,Home,86,15,0.2,0.6,-,2.1,-,-,-,-,-,-,-,0,-,-,,,
1052,Bengals,Ryan Finley,55,-,Away,60,16,18.3,0.2,0.6,-,2.1,-,-,-,-,-,-,-,0,-,-,,
1053,Bengals,Ryan Finley,55,-,Home,88,17,-,18.3,0.2,0.6,-,2.1,-,-,-,-,-,-,-,0,-,-,
1054,Dolphins,Ryan Fitzpatrick,74,8.4,Away,82,1,,,,,,,,,,,,,,,,,
1055,Dolphins,Ryan Fitzpatrick,74,24.3,Home,77,2,8.4,,,,,,,,,,,,,,,,
1056,Dolphins,Ryan Fitzpatrick,74,24.2,Away,70,3,24.3,8.4,,,,,,,,,,,,,,,
1057,Dolphins,Ryan Fitzpatrick,74,23.3,Home,70,4,24.2,24.3,8.4,,,,,,,,,,,,,,
1058,Dolphins,Ryan Fitzpatrick,74,27.6,Away,83,5,23.3,24.2,24.3,8.4,,,,,,,,,,,,,
1059,Dolphins,Ryan Fitzpatrick,74,18,Home,72,6,27.6,23.3,24.2,24.3,8.4,,,,,,,,,,,,
1060,Dolphins,Ryan Fitzpatrick,74,-,Bye,Bye,7,18,27.6,23.3,24.2,24.3,8.4,,,,,,,,,,,
1061,Dolphins,Ryan Fitzpatrick,74,-,Home,90,8,-,18,27.6,23.3,24.2,24.3,8.4,,,,,,,,,,
1062,Dolphins,Ryan Fitzpatrick,74,-,Away,73,9,-,-,18,27.6,23.3,24.2,24.3,8.4,,,,,,,,,
1063,Dolphins,Ryan Fitzpatrick,74,-,Home,76,10,-,-,-,18,27.6,23.3,24.2,24.3,8.4,,,,,,,,
1064,Dolphins,Ryan Fitzpatrick,74,4.3,Away,87,11,-,-,-,-,18,27.6,23.3,24.2,24.3,8.4,,,,,,,
1065,Dolphins,Ryan Fitzpatrick,74,19.3,Away,72,12,4.3,-,-,-,-,18,27.6,23.3,24.2,24.3,8.4,,,,,,
1066,Dolphins,Ryan Fitzpatrick,74,-,Home,63,13,19.3,4.3,-,-,-,-,18,27.6,23.3,24.2,24.3,8.4,,,,,
1067,Dolphins,Ryan Fitzpatrick,74,0,Home,80,14,-,19.3,4.3,-,-,-,-,18,27.6,23.3,24.2,24.3,8.4,,,,
1068,Dolphins,Ryan Fitzpatrick,74,-,Home,82,15,0,-,19.3,4.3,-,-,-,-,18,27.6,23.3,24.2,24.3,8.4,,,
1069,Dolphins,Ryan Fitzpatrick,74,11.3,Away,69,16,-,0,-,19.3,4.3,-,-,-,-,18,27.6,23.3,24.2,24.3,8.4,,
1070,Dolphins,Ryan Fitzpatrick,74,-,Away,77,17,11.3,-,0,-,19.3,4.3,-,-,-,-,18,27.6,23.3,24.2,24.3,8.4,
1071,Titans,Ryan Tannehill,80,19.4,Away,87,1,,,,,,,,,,,,,,,,,
1072,Titans,Ryan Tannehill,80,26.8,Home,70,2,19.4,,,,,,,,,,,,,,,,
1073,Titans,Ryan Tannehill,80,12.7,Away,84,3,26.8,19.4,,,,,,,,,,,,,,,
1074,Titans,Ryan Tannehill,80,BYE,Bye,Bye,4,12.7,26.8,19.4,,,,,,,,,,,,,,
1075,Titans,Ryan Tannehill,80,30,Home,77,5,BYE,12.7,26.8,19.4,,,,,,,,,,,,,
1076,Titans,Ryan Tannehill,80,29.6,Home,60,6,30,BYE,12.7,26.8,19.4,,,,,,,,,,,,
1077,Titans,Ryan Tannehill,80,17.3,Home,86,7,29.6,30,BYE,12.7,26.8,19.4,,,,,,,,,,,
1078,Titans,Ryan Tannehill,80,18.3,Away,63,8,17.3,29.6,30,BYE,12.7,26.8,19.4,,,,,,,,,,
1079,Titans,Ryan Tannehill,80,14.6,Home,82,9,18.3,17.3,29.6,30,BYE,12.7,26.8,19.4,,,,,,,,,
1080,Titans,Ryan Tannehill,80,10.8,Home,77,10,14.6,18.3,17.3,29.6,30,BYE,12.7,26.8,19.4,,,,,,,,
1081,Titans,Ryan Tannehill,80,22.9,Away,88,11,10.8,14.6,18.3,17.3,29.6,30,BYE,12.7,26.8,19.4,,,,,,,
1082,Titans,Ryan Tannehill,80,19.1,Away,77,12,22.9,10.8,14.6,18.3,17.3,29.6,30,BYE,12.7,26.8,19.4,,,,,,
1083,Titans,Ryan Tannehill,80,28.6,Home,86,13,19.1,22.9,10.8,14.6,18.3,17.3,29.6,30,BYE,12.7,26.8,19.4,,,,,
1084,Titans,Ryan Tannehill,80,16.5,Away,70,14,28.6,19.1,22.9,10.8,14.6,18.3,17.3,29.6,30,BYE,12.7,26.8,19.4,,,,
1085,Titans,Ryan Tannehill,80,37,Home,74,15,16.5,28.6,19.1,22.9,10.8,14.6,18.3,17.3,29.6,30,BYE,12.7,26.8,19.4,,,
1086,Titans,Ryan Tannehill,80,18.3,Away,79,16,37,16.5,28.6,19.1,22.9,10.8,14.6,18.3,17.3,29.6,30,BYE,12.7,26.8,19.4,,
1087,Titans,Ryan Tannehill,80,28.4,Away,60,17,18.3,37,16.5,28.6,19.1,22.9,10.8,14.6,18.3,17.3,29.6,30,BYE,12.7,26.8,19.4,
1088,Jets,Sam Darnold,73,12.2,Away,77,1,,,,,,,,,,,,,,,,,
1089,Jets,Sam Darnold,73,11.9,Home,83,2,12.2,,,,,,,,,,,,,,,,
1090,Jets,Sam Darnold,73,9.7,Away,77,3,11.9,12.2,,,,,,,,,,,,,,,
1091,Jets,Sam Darnold,73,23.6,Home,87,4,9.7,11.9,12.2,,,,,,,,,,,,,,
1092,Jets,Sam Darnold,73,-,Home,73,5,23.6,9.7,11.9,12.2,,,,,,,,,,,,,
1093,Jets,Sam Darnold,73,-,Away,86,6,-,23.6,9.7,11.9,12.2,,,,,,,,,,,,
1094,Jets,Sam Darnold,73,2.8,Home,77,7,-,-,23.6,9.7,11.9,12.2,,,,,,,,,,,
1095,Jets,Sam Darnold,73,7.4,Away,80,8,2.8,-,-,23.6,9.7,11.9,12.2,,,,,,,,,,
1096,Jets,Sam Darnold,73,-,Home,82,9,7.4,2.8,-,-,23.6,9.7,11.9,12.2,,,,,,,,,
1097,Jets,Sam Darnold,73,-,Bye,Bye,10,-,7.4,2.8,-,-,23.6,9.7,11.9,12.2,,,,,,,,
1098,Jets,Sam Darnold,73,BYE,Away,76,11,-,-,7.4,2.8,-,-,23.6,9.7,11.9,12.2,,,,,,,
1099,Jets,Sam Darnold,73,6.8,Home,86,12,BYE,-,-,7.4,2.8,-,-,23.6,9.7,11.9,12.2,,,,,,
1100,Jets,Sam Darnold,73,21,Home,69,13,6.8,BYE,-,-,7.4,2.8,-,-,23.6,9.7,11.9,12.2,,,,,
1101,Jets,Sam Darnold,73,5.6,Away,70,14,21,6.8,BYE,-,-,7.4,2.8,-,-,23.6,9.7,11.9,12.2,,,,
1102,Jets,Sam Darnold,73,14.1,Away,90,15,5.6,21,6.8,BYE,-,-,7.4,2.8,-,-,23.6,9.7,11.9,12.2,,,
1103,Jets,Sam Darnold,73,17,Home,86,16,14.1,5.6,21,6.8,BYE,-,-,7.4,2.8,-,-,23.6,9.7,11.9,12.2,,
1104,Jets,Sam Darnold,73,12.9,Away,82,17,17,14.1,5.6,21,6.8,BYE,-,-,7.4,2.8,-,-,23.6,9.7,11.9,12.2,
1105,Panthers,Teddy Bridgewater,75,19.4,Home,69,1,,,,,,,,,,,,,,,,,
1106,Panthers,Teddy Bridgewater,75,10.7,Away,90,2,19.4,,,,,,,,,,,,,,,,
1107,Panthers,Teddy Bridgewater,75,14.6,Away,76,3,10.7,19.4,,,,,,,,,,,,,,,
1108,Panthers,Teddy Bridgewater,75,27.2,Home,73,4,14.6,10.7,19.4,,,,,,,,,,,,,,
1109,Panthers,Teddy Bridgewater,75,20.8,Away,65,5,27.2,14.6,10.7,19.4,,,,,,,,,,,,,
1110,Panthers,Teddy Bridgewater,75,11.4,Home,82,6,20.8,27.2,14.6,10.7,19.4,,,,,,,,,,,,
1111,Panthers,Teddy Bridgewater,75,19.2,Away,83,7,11.4,20.8,27.2,14.6,10.7,19.4,,,,,,,,,,,
1112,Panthers,Teddy Bridgewater,75,13,Home,65,8,19.2,11.4,20.8,27.2,14.6,10.7,19.4,,,,,,,,,,
1113,Panthers,Teddy Bridgewater,75,28.3,Away,80,9,13,19.2,11.4,20.8,27.2,14.6,10.7,19.4,,,,,,,,,
1114,Panthers,Teddy Bridgewater,75,20,Home,90,10,28.3,13,19.2,11.4,20.8,27.2,14.6,10.7,19.4,,,,,,,,
1115,Panthers,Teddy Bridgewater,75,-,Home,74,11,20,28.3,13,19.2,11.4,20.8,27.2,14.6,10.7,19.4,,,,,,,
1116,Panthers,Teddy Bridgewater,75,14.9,Away,84,12,-,20,28.3,13,19.2,11.4,20.8,27.2,14.6,10.7,19.4,,,,,,
1117,Panthers,Teddy Bridgewater,75,-,Bye,Bye,13,14.9,-,20,28.3,13,19.2,11.4,20.8,27.2,14.6,10.7,19.4,,,,,
1118,Panthers,Teddy Bridgewater,75,20.4,Home,87,14,-,14.9,-,20,28.3,13,19.2,11.4,20.8,27.2,14.6,10.7,19.4,,,,
1119,Panthers,Teddy Bridgewater,75,16.9,Away,79,15,20.4,-,14.9,-,20,28.3,13,19.2,11.4,20.8,27.2,14.6,10.7,19.4,,,
1120,Panthers,Teddy Bridgewater,75,9.6,Away,93,16,16.9,20.4,-,14.9,-,20,28.3,13,19.2,11.4,20.8,27.2,14.6,10.7,19.4,,
1121,Panthers,Teddy Bridgewater,75,5.7,Home,83,17,9.6,16.9,20.4,-,14.9,-,20,28.3,13,19.2,11.4,20.8,27.2,14.6,10.7,19.4,
1122,Packers,Tim Boyle,57,-0.2,Away,84,1,,,,,,,,,,,,,,,,,
1123,Packers,Tim Boyle,57,-0.1,Home,74,2,-0.2,,,,,,,,,,,,,,,,
1124,Packers,Tim Boyle,57,-,Away,83,3,-0.1,-0.2,,,,,,,,,,,,,,,
1125,Packers,Tim Boyle,57,-0.1,Home,65,4,-,-0.1,-0.2,,,,,,,,,,,,,,
1126,Packers,Tim Boyle,57,-,Bye,Bye,5,-0.1,-,-0.1,-0.2,,,,,,,,,,,,,
1127,Packers,Tim Boyle,57,0,Away,90,6,-,-0.1,-,-0.1,-0.2,,,,,,,,,,,,
1128,Packers,Tim Boyle,57,-0.1,Away,60,7,0,-,-0.1,-,-0.1,-0.2,,,,,,,,,,,
1129,Packers,Tim Boyle,57,-,Home,84,8,-0.1,0,-,-0.1,-,-0.1,-0.2,,,,,,,,,,
1130,Packers,Tim Boyle,57,-0.1,Away,83,9,-,-0.1,0,-,-0.1,-,-0.1,-0.2,,,,,,,,,
1131,Packers,Tim Boyle,57,BYE,Home,70,10,-0.1,-,-0.1,0,-,-0.1,-,-0.1,-0.2,,,,,,,,
1132,Packers,Tim Boyle,57,-,Away,77,11,BYE,-0.1,-,-0.1,0,-,-0.1,-,-0.1,-0.2,,,,,,,
1133,Packers,Tim Boyle,57,0,Home,82,12,-,BYE,-0.1,-,-0.1,0,-,-0.1,-,-0.1,-0.2,,,,,,
1134,Packers,Tim Boyle,57,-,Home,72,13,0,-,BYE,-0.1,-,-0.1,0,-,-0.1,-,-0.1,-0.2,,,,,
1135,Packers,Tim Boyle,57,-,Away,74,14,-,0,-,BYE,-0.1,-,-0.1,0,-,-0.1,-,-0.1,-0.2,,,,
1136,Packers,Tim Boyle,57,-,Home,80,15,-,-,0,-,BYE,-0.1,-,-0.1,0,-,-0.1,-,-0.1,-0.2,,,
1137,Packers,Tim Boyle,57,-0.3,Home,68,16,-,-,-,0,-,BYE,-0.1,-,-0.1,0,-,-0.1,-,-0.1,-0.2,,
1138,Packers,Tim Boyle,57,-,Away,82,17,-0.3,-,-,-,0,-,BYE,-0.1,-,-0.1,0,-,-0.1,-,-0.1,-0.2,
1139,Buccaneers,Tom Brady,90,22.5,Away,83,1,,,,,,,,,,,,,,,,,
1140,Buccaneers,Tom Brady,90,9.7,Home,80,2,22.5,,,,,,,,,,,,,,,,
1141,Buccaneers,Tom Brady,90,23.9,Away,87,3,9.7,22.5,,,,,,,,,,,,,,,
1142,Buccaneers,Tom Brady,90,33.5,Home,76,4,23.9,9.7,22.5,,,,,,,,,,,,,,
1143,Buccaneers,Tom Brady,90,14.1,Away,82,5,33.5,23.9,9.7,22.5,,,,,,,,,,,,,
1144,Buccaneers,Tom Brady,90,14.6,Home,79,6,14.1,33.5,23.9,9.7,22.5,,,,,,,,,,,,
1145,Buccaneers,Tom Brady,90,36.9,Away,69,7,14.6,14.1,33.5,23.9,9.7,22.5,,,,,,,,,,,
1146,Buccaneers,Tom Brady,90,19.1,Away,79,8,36.9,14.6,14.1,33.5,23.9,9.7,22.5,,,,,,,,,,
1147,Buccaneers,Tom Brady,90,5.4,Home,83,9,19.1,36.9,14.6,14.1,33.5,23.9,9.7,22.5,,,,,,,,,
1148,Buccaneers,Tom Brady,90,31.8,Away,80,10,5.4,19.1,36.9,14.6,14.1,33.5,23.9,9.7,22.5,,,,,,,,
1149,Buccaneers,Tom Brady,90,14.6,Home,90,11,31.8,5.4,19.1,36.9,14.6,14.1,33.5,23.9,9.7,22.5,,,,,,,
1150,Buccaneers,Tom Brady,90,23.7,Home,80,12,14.6,31.8,5.4,19.1,36.9,14.6,14.1,33.5,23.9,9.7,22.5,,,,,,
1151,Buccaneers,Tom Brady,90,-,Bye,Bye,13,23.7,14.6,31.8,5.4,19.1,36.9,14.6,14.1,33.5,23.9,9.7,22.5,,,,,
1152,Buccaneers,Tom Brady,90,15.6,Home,84,14,-,23.7,14.6,31.8,5.4,19.1,36.9,14.6,14.1,33.5,23.9,9.7,22.5,,,,
1153,Buccaneers,Tom Brady,90,23.4,Away,65,15,15.6,-,23.7,14.6,31.8,5.4,19.1,36.9,14.6,14.1,33.5,23.9,9.7,22.5,,,
1154,Buccaneers,Tom Brady,90,29.9,Away,74,16,23.4,15.6,-,23.7,14.6,31.8,5.4,19.1,36.9,14.6,14.1,33.5,23.9,9.7,22.5,,
1155,Buccaneers,Tom Brady,90,31.3,Home,65,17,29.9,23.4,15.6,-,23.7,14.6,31.8,5.4,19.1,36.9,14.6,14.1,33.5,23.9,9.7,22.5,
1156,Saints,Tommy Stevens,54,-,Home,90,1,,,,,,,,,,,,,,,,,
1157,Saints,Tommy Stevens,54,-,Away,69,2,-,,,,,,,,,,,,,,,,
1158,Saints,Tommy Stevens,54,-,Home,79,3,-,-,,,,,,,,,,,,,,,
1159,Saints,Tommy Stevens,54,-,Away,74,4,-,-,-,,,,,,,,,,,,,,
1160,Saints,Tommy Stevens,54,-,Home,76,5,-,-,-,-,,,,,,,,,,,,,
1161,Saints,Tommy Stevens,54,-,Bye,Bye,6,-,-,-,-,-,,,,,,,,,,,,
1162,Saints,Tommy Stevens,54,-,Home,80,7,-,-,-,-,-,-,,,,,,,,,,,
1163,Saints,Tommy Stevens,54,-,Away,82,8,-,-,-,-,-,-,-,,,,,,,,,,
1164,Saints,Tommy Stevens,54,-,Away,90,9,-,-,-,-,-,-,-,-,,,,,,,,,
1165,Saints,Tommy Stevens,54,-,Home,83,10,-,-,-,-,-,-,-,-,-,,,,,,,,
1166,Saints,Tommy Stevens,54,-,Home,65,11,-,-,-,-,-,-,-,-,-,-,,,,,,,
1167,Saints,Tommy Stevens,54,-,Away,87,12,-,-,-,-,-,-,-,-,-,-,-,,,,,,
1168,Saints,Tommy Stevens,54,-,Away,65,13,-,-,-,-,-,-,-,-,-,-,-,-,,,,,
1169,Saints,Tommy Stevens,54,-,Away,72,14,-,-,-,-,-,-,-,-,-,-,-,-,-,,,,
1170,Saints,Tommy Stevens,54,-,Home,80,15,-,-,-,-,-,-,-,-,-,-,-,-,-,-,,,
1171,Saints,Tommy Stevens,54,-,Home,84,16,-,-,-,-,-,-,-,-,-,-,-,-,-,-,-,,
1172,Saints,Tommy Stevens,54,2.4,Away,80,17,-,-,-,-,-,-,-,-,-,-,-,-,-,-,-,-,
1173,Ravens,Trace McSorley,54,-,Home,86,1,,,,,,,,,,,,,,,,,
1174,Ravens,Trace McSorley,54,-,Away,60,2,-,,,,,,,,,,,,,,,,
1175,Ravens,Trace McSorley,54,-,Home,80,3,-,-,,,,,,,,,,,,,,,
1176,Ravens,Trace McSorley,54,-,Away,93,4,-,-,-,,,,,,,,,,,,,,
1177,Ravens,Trace McSorley,54,-,Home,63,5,-,-,-,-,,,,,,,,,,,,,
1178,Ravens,Trace McSorley,54,-,Away,72,6,-,-,-,-,-,,,,,,,,,,,,
1179,Ravens,Trace McSorley,54,-,Bye,Bye,7,-,-,-,-,-,-,,,,,,,,,,,
1180,Ravens,Trace McSorley,54,-,Home,86,8,-,-,-,-,-,-,-,,,,,,,,,,
1181,Ravens,Trace McSorley,54,-,Away,77,9,-,-,-,-,-,-,-,-,,,,,,,,,
1182,Ravens,Trace McSorley,54,-,Away,82,10,-,-,-,-,-,-,-,-,-,,,,,,,,
1183,Ravens,Trace McSorley,54,BYE,Home,68,11,-,-,-,-,-,-,-,-,-,-,,,,,,,
1184,Ravens,Trace McSorley,54,8.7,Away,86,12,BYE,-,-,-,-,-,-,-,-,-,-,,,,,,
1185,Ravens,Trace McSorley,54,-,Home,67,13,8.7,BYE,-,-,-,-,-,-,-,-,-,-,,,,,
1186,Ravens,Trace McSorley,54,0.6,Away,86,14,-,8.7,BYE,-,-,-,-,-,-,-,-,-,-,,,,
1187,Ravens,Trace McSorley,54,-,Home,70,15,0.6,-,8.7,BYE,-,-,-,-,-,-,-,-,-,-,,,
1188,Ravens,Trace McSorley,54,-,Home,79,16,-,0.6,-,8.7,BYE,-,-,-,-,-,-,-,-,-,-,,
1189,Ravens,Trace McSorley,54,-,Away,63,17,-,-,0.6,-,8.7,BYE,-,-,-,-,-,-,-,-,-,-,
1190,Dolphins,Tua Tagovailoa,73,-,Away,82,1,,,,,,,,,,,,,,,,,
1191,Dolphins,Tua Tagovailoa,73,-,Home,77,2,-,,,,,,,,,,,,,,,,
1192,Dolphins,Tua Tagovailoa,73,-,Away,70,3,-,-,,,,,,,,,,,,,,,
1193,Dolphins,Tua Tagovailoa,73,-,Home,70,4,-,-,-,,,,,,,,,,,,,,
1194,Dolphins,Tua Tagovailoa,73,-,Away,83,5,-,-,-,-,,,,,,,,,,,,,
1195,Dolphins,Tua Tagovailoa,73,0.4,Home,72,6,-,-,-,-,-,,,,,,,,,,,,
1196,Dolphins,Tua Tagovailoa,73,BYE,Bye,Bye,7,0.4,-,-,-,-,-,,,,,,,,,,,
1197,Dolphins,Tua Tagovailoa,73,5.7,Home,90,8,BYE,0.4,-,-,-,-,-,,,,,,,,,,
1198,Dolphins,Tua Tagovailoa,73,21.4,Away,73,9,5.7,BYE,0.4,-,-,-,-,-,,,,,,,,,
1199,Dolphins,Tua Tagovailoa,73,14.7,Home,76,10,21.4,5.7,BYE,0.4,-,-,-,-,-,,,,,,,,
1200,Dolphins,Tua Tagovailoa,73,7.3,Away,87,11,14.7,21.4,5.7,BYE,0.4,-,-,-,-,-,,,,,,,
1201,Dolphins,Tua Tagovailoa,73,-,Away,72,12,7.3,14.7,21.4,5.7,BYE,0.4,-,-,-,-,-,,,,,,
1202,Dolphins,Tua Tagovailoa,73,16.1,Home,63,13,-,7.3,14.7,21.4,5.7,BYE,0.4,-,-,-,-,-,,,,,
1203,Dolphins,Tua Tagovailoa,73,28,Home,80,14,16.1,-,7.3,14.7,21.4,5.7,BYE,0.4,-,-,-,-,-,,,,
1204,Dolphins,Tua Tagovailoa,73,19.7,Home,82,15,28,16.1,-,7.3,14.7,21.4,5.7,BYE,0.4,-,-,-,-,-,,,
1205,Dolphins,Tua Tagovailoa,73,8.9,Away,69,16,19.7,28,16.1,-,7.3,14.7,21.4,5.7,BYE,0.4,-,-,-,-,-,,
1206,Dolphins,Tua Tagovailoa,73,18.2,Away,77,17,8.9,19.7,28,16.1,-,7.3,14.7,21.4,5.7,BYE,0.4,-,-,-,-,-,
1207,Bears,Tyler Bray,47,-,Away,74,1,,,,,,,,,,,,,,,,,
1208,Bears,Tyler Bray,47,-,Home,79,2,-,,,,,,,,,,,,,,,,
1209,Bears,Tyler Bray,47,-,Away,65,3,-,-,,,,,,,,,,,,,,,
1210,Bears,Tyler Bray,47,-,Home,77,4,-,-,-,,,,,,,,,,,,,,
1211,Bears,Tyler Bray,47,-,Home,90,5,-,-,-,-,,,,,,,,,,,,,
1212,Bears,Tyler Bray,47,-,Away,80,6,-,-,-,-,-,,,,,,,,,,,,
1213,Bears,Tyler Bray,47,-,Away,90,7,-,-,-,-,-,-,,,,,,,,,,,
1214,Bears,Tyler Bray,47,-,Home,83,8,-,-,-,-,-,-,-,,,,,,,,,,
1215,Bears,Tyler Bray,47,-,Away,68,9,-,-,-,-,-,-,-,-,,,,,,,,,
1216,Bears,Tyler Bray,47,0.7,Home,84,10,-,-,-,-,-,-,-,-,-,,,,,,,,
1217,Bears,Tyler Bray,47,-,Bye,Bye,11,0.7,-,-,-,-,-,-,-,-,-,,,,,,,
1218,Bears,Tyler Bray,47,-,Away,79,12,-,0.7,-,-,-,-,-,-,-,-,-,,,,,,
1219,Bears,Tyler Bray,47,-,Home,74,13,-,-,0.7,-,-,-,-,-,-,-,-,-,,,,,
1220,Bears,Tyler Bray,47,-,Home,60,14,-,-,-,0.7,-,-,-,-,-,-,-,-,-,,,,
1221,Bears,Tyler Bray,47,-,Away,84,15,-,-,-,-,0.7,-,-,-,-,-,-,-,-,-,,,
1222,Bears,Tyler Bray,47,-,Away,70,16,-,-,-,-,-,0.7,-,-,-,-,-,-,-,-,-,,
1223,Bears,Tyler Bray,47,-,Home,79,17,-,-,-,-,-,-,0.7,-,-,-,-,-,-,-,-,-,
1224,Ravens,Tyler Huntley,58,-,Home,86,1,,,,,,,,,,,,,,,,,
1225,Ravens,Tyler Huntley,58,-,Away,60,2,-,,,,,,,,,,,,,,,,
1226,Ravens,Tyler Huntley,58,-,Home,80,3,-,-,,,,,,,,,,,,,,,
1227,Ravens,Tyler Huntley,58,-,Away,93,4,-,-,-,,,,,,,,,,,,,,
1228,Ravens,Tyler Huntley,58,-,Home,63,5,-,-,-,-,,,,,,,,,,,,,
1229,Ravens,Tyler Huntley,58,-,Away,72,6,-,-,-,-,-,,,,,,,,,,,,
1230,Ravens,Tyler Huntley,58,BYE,Bye,Bye,7,-,-,-,-,-,-,,,,,,,,,,,
1231,Ravens,Tyler Huntley,58,-,Home,86,8,BYE,-,-,-,-,-,-,,,,,,,,,,
1232,Ravens,Tyler Huntley,58,-,Away,77,9,-,BYE,-,-,-,-,-,-,,,,,,,,,
1233,Ravens,Tyler Huntley,58,-,Away,82,10,-,-,BYE,-,-,-,-,-,-,,,,,,,,
1234,Ravens,Tyler Huntley,58,-,Home,68,11,-,-,-,BYE,-,-,-,-,-,-,,,,,,,
1235,Ravens,Tyler Huntley,58,-,Away,86,12,-,-,-,-,BYE,-,-,-,-,-,-,,,,,,
1236,Ravens,Tyler Huntley,58,-,Home,67,13,-,-,-,-,-,BYE,-,-,-,-,-,-,,,,,
1237,Ravens,Tyler Huntley,58,-,Away,86,14,-,-,-,-,-,-,BYE,-,-,-,-,-,-,,,,
1238,Ravens,Tyler Huntley,58,2.1,Home,70,15,-,-,-,-,-,-,-,BYE,-,-,-,-,-,-,,,
1239,Ravens,Tyler Huntley,58,-,Home,79,16,2.1,-,-,-,-,-,-,-,BYE,-,-,-,-,-,-,,
1240,Ravens,Tyler Huntley,58,0.8,Away,63,17,-,2.1,-,-,-,-,-,-,-,BYE,-,-,-,-,-,-,
1241,Chargers,Tyrod Taylor,69,9,Away,63,1,,,,,,,,,,,,,,,,,
1242,Chargers,Tyrod Taylor,69,-,Home,80,2,9,,,,,,,,,,,,,,,,
1243,Chargers,Tyrod Taylor,69,-,Home,80,3,-,9,,,,,,,,,,,,,,,
1244,Chargers,Tyrod Taylor,69,-,Away,90,4,-,-,9,,,,,,,,,,,,,,
1245,Chargers,Tyrod Taylor,69,-,Away,83,5,-,-,-,9,,,,,,,,,,,,,
1246,Chargers,Tyrod Taylor,69,-,Bye,Bye,6,-,-,-,-,9,,,,,,,,,,,,
1247,Chargers,Tyrod Taylor,69,-,Home,70,7,-,-,-,-,-,9,,,,,,,,,,,
1248,Chargers,Tyrod Taylor,69,-,Away,87,8,-,-,-,-,-,-,9,,,,,,,,,,
1249,Chargers,Tyrod Taylor,69,0,Home,69,9,-,-,-,-,-,-,-,9,,,,,,,,,
1250,Chargers,Tyrod Taylor,69,-,Away,86,10,0,-,-,-,-,-,-,-,9,,,,,,,,
1251,Chargers,Tyrod Taylor,69,BYE,Home,72,11,-,0,-,-,-,-,-,-,-,9,,,,,,,
1252,Chargers,Tyrod Taylor,69,-,Away,77,12,BYE,-,0,-,-,-,-,-,-,-,9,,,,,,
1253,Chargers,Tyrod Taylor,69,-,Home,82,13,-,BYE,-,0,-,-,-,-,-,-,-,9,,,,,
1254,Chargers,Tyrod Taylor,69,-,Home,65,14,-,-,BYE,-,0,-,-,-,-,-,-,-,9,,,,
1255,Chargers,Tyrod Taylor,69,-,Away,69,15,-,-,-,BYE,-,0,-,-,-,-,-,-,-,9,,,
1256,Chargers,Tyrod Taylor,69,-,Home,87,16,-,-,-,-,BYE,-,0,-,-,-,-,-,-,-,9,,
1257,Chargers,Tyrod Taylor,69,-,Away,80,17,-,-,-,-,-,BYE,-,0,-,-,-,-,-,-,-,9,
